,id,instituicao,nomePrograma,municipioPrograma,titulo,autor,dataDefesa,volumes,paginas,biblioteca,grauAcademico,link
0,5303932,UNIVERSIDADE FEDERAL DE GOIÁS,Direitos Humanos,Goiânia,"As identidades de gênero e sexualidade na visão dos parlamentares da Câmara Federal: uma análise do discurso a partir dos projetos ""escola sem partido""",ISABELLA BRUNA LEMES PEREIRA,2017-08-17,1,242,http://repositorio.bc.ufg.br/tede/handle/tede/8065,Mestrado,https://sucupira.capes.gov.br/sucupira/public/consultas/coleta/trabalhoConclusao/viewTrabalhoConclusao.jsf?popup=true&id_trabalho=5303932
1,6452576,PONTIFÍCIA UNIVERSIDADE CATÓLICA DO RIO DE JANEIRO,CIÊNCIAS SOCIAIS,Rio de Janeiro,Escola pública sob disputa: moralidade e religião,SARAH LAURINDO MONTEIRO,2018-04-20,1,180,Biblioteca Central da PUC-Rio,Mestrado,https://sucupira.capes.gov.br/sucupira/public/consultas/coleta/trabalhoConclusao/viewTrabalhoConclusao.jsf?popup=true&id_trabalho=6452576
2,5968294,UNIVERSIDADE FEDERAL FLUMINENSE,Estudos de Linguagem,Niterói,"Quando lecionar pode virar crime: o movimento ""Escola sem Partido"" sob uma ótica discursiva. ",FABIANY CARNEIRO DE MELO,2017-09-29,01,undefined,Biblioteca Central do Gragoatá - BCG,Mestrado,https://sucupira.capes.gov.br/sucupira/public/consultas/coleta/trabalhoConclusao/viewTrabalhoConclusao.jsf?popup=true&id_trabalho=5968294
3,7416021,UNIVERSIDADE ESTADUAL DE MARINGÁ,Ensino de História,Rio de Janeiro,Um Estudo da Alienação como efeito do Programa Escola Sem Partido: como defender o ofício de ensinar História ,MAURICIO ANTONIO DAL MOLIN FILHO,2018-08-29,1,88,Universidade Estadual de Maringá,Mestrado Profissional,https://sucupira.capes.gov.br/sucupira/public/consultas/coleta/trabalhoConclusao/viewTrabalhoConclusao.jsf?popup=true&id_trabalho=7416021
4,5056712,UNIVERSIDADE DE PERNAMBUCO,FORMAÇÃO DE PROFESSORES E PRÁTICAS INTERDISCIPLINARES,Petrolina,ESCOLA SEM PARTIDO: UM ATAQUE DIRETO AS POLÍTICAS EDUCACIONAIS DE GÊNERO NO BRASIL,CAMILA DOS PASSOS ROSENO,2017-07-20,1,91,Biblioteca da UPE Campus Petrolina,Mestrado Profissional,https://sucupira.capes.gov.br/sucupira/public/consultas/coleta/trabalhoConclusao/viewTrabalhoConclusao.jsf?popup=true&id_trabalho=5056712
5,5762133,UNIVERSIDADE FEDERAL DE PELOTAS,EDUCAÇÃO,Pelotas,Escola Sem Partido (ESP) versus Professores Contra o Escola Sem Partido (PCESP): tensões e discurso nas redes sociais,CRISTIANO GUEDES PINHEIRO,2017-11-06,1,250,Biblioteca Setorial do Campus das Ciências Sociais ,Doutorado,https://sucupira.capes.gov.br/sucupira/public/consultas/coleta/trabalhoConclusao/viewTrabalhoConclusao.jsf?popup=true&id_trabalho=5762133
6,9735598,PONTIFÍCIA UNIVERSIDADE CATÓLICA DO RIO GRANDE DO SUL,EDUCAÇÃO,Porto Alegre,PATRIARCADO ATUALIZADO: UMA ANÁLISE DA CAMPANHA RELIGIOSA CONSERVADORA AO GÊNERO NA EDUCAÇÃO,BETINA DIAS TORRIANI,2020-03-26,1,143,Central da PUCRS,Mestrado,https://sucupira.capes.gov.br/sucupira/public/consultas/coleta/trabalhoConclusao/viewTrabalhoConclusao.jsf?popup=true&id_trabalho=9735598
7,9685107,UNIVERSIDADE ESTADUAL DO PARANÁ - REITORIA,Sociedade e Desenvolvimento,Campo Mourão,Gênero e educação em tempos de escola sem partido: compreensões de educadoras em debate.,JEAN PABLO GUIMARAES ROSSI,2020-02-28,2,193,Universidade Estadual do Paraná- Campus Campo Mourão.,Mestrado,https://sucupira.capes.gov.br/sucupira/public/consultas/coleta/trabalhoConclusao/viewTrabalhoConclusao.jsf?popup=true&id_trabalho=9685107
8,7283698,UNIVERSIDADE ESTADUAL DE CAMPINAS,EDUCAÇÃO,Campinas,POR QUE NÃO FALAR DE GÊNERO? A POLÊMICA DA IDEOLOGIA DE GÊNERO E OS PLANOS MUNICIPAIS E NACIONAL DE EDUCAÇÃO,GABRIELA CAMPOS DOS SANTOS,2018-10-26,1,123,Biblioteca Central - Unicamp,Mestrado,https://sucupira.capes.gov.br/sucupira/public/consultas/coleta/trabalhoConclusao/viewTrabalhoConclusao.jsf?popup=true&id_trabalho=7283698
9,5498809,UNIVERSIDADE FEDERAL DO RIO GRANDE,EDUCAÇÃO,Rio Grande,ESCOLA SEM PARTIDO: UMA ANÁLISE DAS INVESTIDAS DE PODER SOBRE AS IDENTIDADES DOCENTES,ELVIS PATRIK KATZ,2017-12-12,undefined,undefined,SIB FURG,Mestrado,https://sucupira.capes.gov.br/sucupira/public/consultas/coleta/trabalhoConclusao/viewTrabalhoConclusao.jsf?popup=true&id_trabalho=5498809
10,10034174,UNIVERSIDADE FEDERAL DE PERNAMBUCO,SOCIOLOGIA,Recife,PÂNICO MORAL E SEUS PROFETAS: A moralização do projeto ?Escola Sem Homofobia? nas eleições presidenciais de 2018,LAIS CAMPOS CASADO,2020-10-08,1,114,Biblioteca CFCH,Mestrado,https://sucupira.capes.gov.br/sucupira/public/consultas/coleta/trabalhoConclusao/viewTrabalhoConclusao.jsf?popup=true&id_trabalho=10034174
11,5367749,UNIVERSIDADE TECNOLÓGICA FEDERAL DO PARANÁ,TECNOLOGIA E SOCIEDADE,Curitiba,"""Não se abre à força um botão de rosa e, sobretudo, com as mãos sujas"": agruras da educação sexual no ambiente escolar e os desafios atuais frente à ideologia de gênero",KACIANE DANIELLA DE ALMEIDA,2017-12-08,01,142,"Biblioteca Central da UTFPR, Câmpus Curitiba",Doutorado,https://sucupira.capes.gov.br/sucupira/public/consultas/coleta/trabalhoConclusao/viewTrabalhoConclusao.jsf?popup=true&id_trabalho=5367749
12,360166,PONTIFÍCIA UNIVERSIDADE CATÓLICA DO RIO DE JANEIRO,EDUCAÇÃO,Rio de Janeiro,Condições de acesso e permanência das mulheres da Periferia ao ensino superior: o caso de Duque de Caxias  RJ,ESTELA MARTINI WILLEMAN,2013-04-12,01,248,http://www.dbd.puc-rio.br,Doutorado,https://sucupira.capes.gov.br/sucupira/public/consultas/coleta/trabalhoConclusao/viewTrabalhoConclusao.jsf?popup=true&id_trabalho=360166
13,2541775,UNIVERSIDADE FEDERAL DO PARANÁ,GEOGRAFIA,Curitiba,DOUTRINAÇÃO: A INFLUÊNCIA DO PENSAMENTO GRAMSCIANO NA GEOGRAFIA CRÍTICA ESCOLAR BRASILEIRA,MARCOS ANTONIO CORREIA,2015-04-13,1,233,Ciência e Tecnologia da UFPR,Doutorado,https://sucupira.capes.gov.br/sucupira/public/consultas/coleta/trabalhoConclusao/viewTrabalhoConclusao.jsf?popup=true&id_trabalho=2541775
14,5473692,UNIVERSIDADE METODISTA DE SÃO PAULO,CIÊNCIAS DA RELIGIÃO,São Bernardo do Campo,"""MENINO JÁ NASCE MENINO, MENINA JÁ NASCE MENINA"": FOBIA RELIGIOSA DE GÊNERO E SUAS IMPLICAÇÕES NO DEBATE SOBRE O PLANO NACIONAL DE EDUCAÇÃO BRASILEIRO NO PERÍODO 2012-2014""",FERNANDA MARINA FEITOSA COELHO,2017-09-18,01,130,Umesp,Mestrado,https://sucupira.capes.gov.br/sucupira/public/consultas/coleta/trabalhoConclusao/viewTrabalhoConclusao.jsf?popup=true&id_trabalho=5473692
15,7698373,UNIVERSIDADE DE BRASÍLIA,Direitos Humanos e Cidadania,Brasília,Os estudos feministas sobre “Ideologia de Gênero” no Brasil: uma análise das produções científicas,LUANNA MARLEY DE OLIVEIRA E SILVA,2019-08-16,1,119,Biblioteca Central UnB,Mestrado,https://sucupira.capes.gov.br/sucupira/public/consultas/coleta/trabalhoConclusao/viewTrabalhoConclusao.jsf?popup=true&id_trabalho=7698373
16,7640688,UNIVERSIDADE DO ESTADO DO RIO DE JANEIRO,HISTÓRIA SOCIAL,São Gonçalo,Criando a doença para vender a cura: o discurso da “doutrinação ideológica” do Movimento Escola Sem Partido,DIOGO DA COSTA SALLES,2019-04-25,1,147,UERJ - CEHD - Rede Sírius,Mestrado,https://sucupira.capes.gov.br/sucupira/public/consultas/coleta/trabalhoConclusao/viewTrabalhoConclusao.jsf?popup=true&id_trabalho=7640688
17,5140491,UNIVERSIDADE ESTADUAL DE PONTA GROSSA,História,Ponta Grossa,Pentecostais e neopentecostais na Cãmara Municipal de Curitiba:(1989-2016): Práticas e Representações,JULIANO EUGENIO DA SILVA,2017-12-04,1,218,UEPG,Mestrado,https://sucupira.capes.gov.br/sucupira/public/consultas/coleta/trabalhoConclusao/viewTrabalhoConclusao.jsf?popup=true&id_trabalho=5140491
18,7628858,UNIVERSIDADE DE SÃO PAULO,PSICOLOGIA SOCIAL,São Paulo,"O discurso da ""ideologia de gênero"" na Câmara dos Deputados: análise crítico-discursiva e psicopolítica",HENRIQUE ARAUJO ARAGUSUKU,2019-02-07,1,208,Biblioteca Dante Moreira Leite do Instituto de Psicologia da Universidade de São Paulo,Mestrado,https://sucupira.capes.gov.br/sucupira/public/consultas/coleta/trabalhoConclusao/viewTrabalhoConclusao.jsf?popup=true&id_trabalho=7628858
19,6102992,UNIVERSIDADE FEDERAL DE MATO GROSSO,Antropologia Social,Cuiabá,"""Ideologia de Gênero” no cotidiano escolar em escola do município de Cuiabá, Mato Grosso.",JOSIANE MARCONI FERNANDES DE SEIXAS OLIVEIRA,2017-09-11,01,116,Biblioteca Central da UFMT; Acervo PPGAS/Museu Rondon de Etnologia e Arqueologia.,Mestrado,https://sucupira.capes.gov.br/sucupira/public/consultas/coleta/trabalhoConclusao/viewTrabalhoConclusao.jsf?popup=true&id_trabalho=6102992
20,4955864,UNIVERSIDADE FEDERAL DO TOCANTINS,EDUCAÇAO,Palmas,O DISCURSO MIDIÁTICO DA IDEOLOGIA DE GÊNERO E SUA RESSONÂNCIA NOS PLANOS ESTADUAL E MUNICIPAIS DE EDUCAÇÃO DO TOCANTINS,MARCOS FELIPE GONCALVES MAIA,2017-03-06,undefined,undefined,undefined,Mestrado,https://sucupira.capes.gov.br/sucupira/public/consultas/coleta/trabalhoConclusao/viewTrabalhoConclusao.jsf?popup=true&id_trabalho=4955864
21,5124572,UNIVERSIDADE FEDERAL DO RIO DE JANEIRO,Ensino de História,Rio de Janeiro,"“ESCOLA SEM PARTIDO”: RELAÇÕES ENTRE ESTADO, EDUCAÇÃO E RELIGIÃO E OS IMPACTOS NO ENSINO DE HISTÓRIA",FERNANDA PEREIRA DE MOURA,2016-12-19,1,188,UNIVERSIDADE FEDERAL DO RIO DE JANEIRO - INSTITUTO DE FILOSOFIA E CIÊNCIAS SOCIAIS,Mestrado Profissional,https://sucupira.capes.gov.br/sucupira/public/consultas/coleta/trabalhoConclusao/viewTrabalhoConclusao.jsf?popup=true&id_trabalho=5124572
22,6381968,UNIVERSIDADE FEDERAL DO RIO GRANDE DO SUL,EDUCAÇÃO,Porto Alegre,"Possibilidades para um Trabalho Docente Feminista professoras mulheres da Rede Municipal de Ensino de Porto Alegre, feminismos e a narrativa conservadora da ideologia de gênero.",BRUNA DALMASO JUNQUEIRA,2018-07-20,1,151,Biblioteca Central UFRGS,Mestrado,https://sucupira.capes.gov.br/sucupira/public/consultas/coleta/trabalhoConclusao/viewTrabalhoConclusao.jsf?popup=true&id_trabalho=6381968
23,5524421,UNIVERSIDADE ESTADUAL DE MATO GROSSO DO SUL,Educação,Paranaíba,"CORPO, SEXUALIDADE E RESISTÊNCIAS: o contraste entre as propostas dos projetos denominados “Escola sem Partido” e as perspectivas foucaultianas",THIAGO PEREIRA DOS SANTOS,2017-12-08,01,118,UEMS,Mestrado,https://sucupira.capes.gov.br/sucupira/public/consultas/coleta/trabalhoConclusao/viewTrabalhoConclusao.jsf?popup=true&id_trabalho=5524421
24,9385659,UNIVERSIDADE ESTADUAL PAULISTA JÚLIO DE MESQUITA FILHO ( MARÍLIA ),SOCIOLOGIA EM REDE NACIONAL,Fortaleza,Os fundamentos liberais conservadores da ideologia de gênero e do programa ?Escola sem Partido?: a práxis educativa como alternativa no ensino de sociologia crítica,JULIANA GUIDI MAGALHAES,2020-04-07,Único,190,UNIVERSIDADE ESTADUAL PAULISTA ? FACULDADE DE FILOSOFIA E CIÊNCIAS - MARÍLIA,Mestrado Profissional,https://sucupira.capes.gov.br/sucupira/public/consultas/coleta/trabalhoConclusao/viewTrabalhoConclusao.jsf?popup=true&id_trabalho=9385659
25,5040497,UNIVERSIDADE FEDERAL FLUMINENSE,POLÍTICA SOCIAL,Niterói,"ESTADO, RELIGIÃO E DEMOCRACIA: REFLEXÕES A PARTIR DOS DEBATES SOBRE A “IDEOLOGIA DE GÊNERO” NO PLANO NACIONAL DE EDUCAÇÃO",AMANDA ANDRE DE MENDONCA,2017-08-03,I,249,BCG UFF,Doutorado,https://sucupira.capes.gov.br/sucupira/public/consultas/coleta/trabalhoConclusao/viewTrabalhoConclusao.jsf?popup=true&id_trabalho=5040497
26,6326223,UNIVERSIDADE FEDERAL FLUMINENSE,Estudos de Linguagem,Niterói,"Sujeitos no suposto do ser, do ter e do amar: Uma história dos efeitos de sentidos no discurso por direitos dos homossexuais e transexuais",FREDERICO SIDNEY GUIMARAES,2018-02-19,01,231,BIBLIOTECA CENTRAL DO GRAGOATÁ,Doutorado,https://sucupira.capes.gov.br/sucupira/public/consultas/coleta/trabalhoConclusao/viewTrabalhoConclusao.jsf?popup=true&id_trabalho=6326223
27,7660680,UNIVERSIDADE FEDERAL DO RIO DE JANEIRO,EDUCAÇÃO,Rio de Janeiro,Da educação moral e cívica ao escola sem partido: a ideia de família e a contenda moralizante no campo da educação,RICARDO DE ABREU BASTO LIMA RODRIGUES,2019-06-19,1,132,biblioteca do cfch,Mestrado,https://sucupira.capes.gov.br/sucupira/public/consultas/coleta/trabalhoConclusao/viewTrabalhoConclusao.jsf?popup=true&id_trabalho=7660680
28,7635322,PONTIFÍCIA UNIVERSIDADE CATÓLICA DE CAMPINAS,"LINGUAGENS, MÍDIA E ARTE",Campinas,THE HANDMAID’S TALE: UMA PERSPECTIVA SOBRE PODER E GÊNERO,JESSICA PIERRE DYNA,2019-02-27,1,66,SBI - PUC-CAMPINAS,Mestrado,https://sucupira.capes.gov.br/sucupira/public/consultas/coleta/trabalhoConclusao/viewTrabalhoConclusao.jsf?popup=true&id_trabalho=7635322
29,7692572,"INSTITUTO FED. DE EDUC, CIÊNC E TECNOLOGIA FARROUPILHA",EDUCAÇÃO PROFISSIONAL E TECNOLÓGICA,Vitória,PROJETOS QUE COLOCAM EM RISCO A INTEGRAÇÃO CURRICULAR: UM DESAFIO PARA O ENSINO MÉDIO INTEGRADO,EVANDRO BOTH,2019-06-07,undefined,undefined,Biblioteca João Ari de Lima Ferreira - Sicha,Mestrado Profissional,https://sucupira.capes.gov.br/sucupira/public/consultas/coleta/trabalhoConclusao/viewTrabalhoConclusao.jsf?popup=true&id_trabalho=7692572
30,2009142005019012P2,PONTIFÍCIA UNIVERSIDADE CATÓLICA DO RIO GRANDE DO SUL,TEOLOGIA,Porto Alegre,A partir da Conferência de Aparecida (2007) elucidar a Missão Continental da América Latina no anúncio do Reino de Deus.,Ruy Alberto Kaercher,2009-03-01,1,92,Biblioteca Central Ir. José Otão,Mestrado,
31,6621604,UNIVERSIDADE ESTADUAL PAULISTA JÚLIO DE MESQUITA FILHO ( PRESIDENTE PRUDENTE ),EDUCAÇÃO,Presidente Prudente,ESCOLA SEM PARTIDO: INDÍCIOS DE UMA EDUCAÇÃO AUTORITÁRIA,GUILHERME COSTA GARCIA TOMMASELLI,2018-09-26,undefined,undefined,undefined,Doutorado,https://sucupira.capes.gov.br/sucupira/public/consultas/coleta/trabalhoConclusao/viewTrabalhoConclusao.jsf?popup=true&id_trabalho=6621604
32,10627675,UNIVERSIDADE FEDERAL DO PARÁ,Currículo e Gestão da Escola Básica,Belém,DISPUTAS EM TORNO DO CURRICULO: O PROCESSO DE EXCLUSÃO DOS TERMOS ?IDENTIDADE DE GÊNERO? E ?ORIENTAÇÃO SEXUAL ? DA BASE NACIONAL COMUM CURRICULAR DA EDUCAÇÃO INFANTIL E ENSINO FUNDAMENTAL.,SILVANE DOS PASSOS BARBOSA DOS SANTOS ARAUJO,2020-10-29,undefined,undefined,SISTEMAS DE BIBLIOTECAS DA UNIVERSIDADE FEDERAL DO PARÁ,Mestrado,https://sucupira.capes.gov.br/sucupira/public/consultas/coleta/trabalhoConclusao/viewTrabalhoConclusao.jsf?popup=true&id_trabalho=10627675
33,7646242,UNIVERSIDADE FEDERAL FLUMINENSE,EDUCAÇÃO,Niterói,"ESCOLA SEM PARTIDO: concepções de escola, educação, formação humana e sociedade",HELTON MESSINI DA COSTA,2019-02-28,1,201,Biblioteca Central do Gragoatá,Mestrado,https://sucupira.capes.gov.br/sucupira/public/consultas/coleta/trabalhoConclusao/viewTrabalhoConclusao.jsf?popup=true&id_trabalho=7646242
34,10283000,PONTIFÍCIA UNIVERSIDADE CATÓLICA DE SÃO PAULO,CIÊNCIA DA RELIGIÃO,São Paulo,Quando o corpo é um só: diversidade e construção de conhecimento na área de ciências da religião,MANUELA RIBEIRO CIRIGLIANO,2020-05-26,01,162,PUCSP,Mestrado,https://sucupira.capes.gov.br/sucupira/public/consultas/coleta/trabalhoConclusao/viewTrabalhoConclusao.jsf?popup=true&id_trabalho=10283000
35,6549710,UNIVERSIDADE DO ESTADO DO RIO DE JANEIRO,LETRAS,Rio de Janeiro,Do visor na porta das salas de aula à mordaça nos professores: uma análise discursiva das redes conservadoras do Escola Sem Partido - Projeto de Lei 867/2015,JULIANA SILVA RETTICH,2018-03-26,1,132,Biblioteca do Centro de Educação e Humanidades,Mestrado,https://sucupira.capes.gov.br/sucupira/public/consultas/coleta/trabalhoConclusao/viewTrabalhoConclusao.jsf?popup=true&id_trabalho=6549710
36,10286847,PONTIFÍCIA UNIVERSIDADE CATÓLICA DE SÃO PAULO,CIÊNCIA DA RELIGIÃO,São Paulo,"Religião, homossexualidade e poder: tensões nas Conferências de Lambeth e seus reflexos na Igreja Episcopal Anglicana do Brasil",SILVIA GERUZA FERNANDES RODRIGUES,2020-03-05,01,204,PUCSP,Doutorado,https://sucupira.capes.gov.br/sucupira/public/consultas/coleta/trabalhoConclusao/viewTrabalhoConclusao.jsf?popup=true&id_trabalho=10286847
37,6239692,UNIVERSIDADE FEDERAL DE JUIZ DE FORA,EDUCAÇÃO,Juiz de Fora,Família e escola: estudo de uma relação (in)delicada a partir de gênero,RAQUEL SANTIAGO DE SOUZA,2017-03-31,undefined,undefined,undefined,Mestrado,https://sucupira.capes.gov.br/sucupira/public/consultas/coleta/trabalhoConclusao/viewTrabalhoConclusao.jsf?popup=true&id_trabalho=6239692
38,10184899,FUNDAÇÃO UNIVERSIDADE FEDERAL DE SERGIPE,LETRAS,São Cristóvão,"Discurso, Mídia e Ensino: Processos de Objetivação/Subjetivação no Movimento Escolar do Brasil Contemporâneo",ALISSON FRANCA SANTOS,2020-08-31,undefined,undefined,undefined,Mestrado,https://sucupira.capes.gov.br/sucupira/public/consultas/coleta/trabalhoConclusao/viewTrabalhoConclusao.jsf?popup=true&id_trabalho=10184899
39,9486698,FUNDACAO JOAQUIM NABUCO,SOCIOLOGIA EM REDE NACIONAL,Fortaleza,PERCEPÇÕES DOCENTES SOBRE O MOVIMENTO ESCOLA SEM PARTIDO E O DEBATE ?DOUTRINAÇÃO IDEOLÓGICA? EM RELAÇÃO À DISCIPLINA E À DOCÊNCIA DE SOCIOLOGIA ,SAYARA FRANCIELLE CAMARA PIMENTEL SANTOS,2020-09-28,Único,137,BIBLIOTECA BLANCHE KNOPF - FUNDAJ,Mestrado Profissional,https://sucupira.capes.gov.br/sucupira/public/consultas/coleta/trabalhoConclusao/viewTrabalhoConclusao.jsf?popup=true&id_trabalho=9486698
40,4650911,UNIVERSIDADE ESTADUAL DE LONDRINA,Sociologia,Londrina,Feminismos e Antifeminismos na política brasileira:  “Ideologia de gênero” no Plano Nacional de Educação 2014,MEIRE ELLEN MORENO,2016-05-05,1,145,Biblioteca Digital da Universidade Estadual de Londrina,Mestrado,https://sucupira.capes.gov.br/sucupira/public/consultas/coleta/trabalhoConclusao/viewTrabalhoConclusao.jsf?popup=true&id_trabalho=4650911
41,20085831003010005P6,UNIVERSIDADE FEDERAL FLUMINENSE,HISTÓRIA,NITERÓI,A Rede da Democracia e o Golpe de 1964.,Eduardo Gomes Silva,2008-09-01,1,155,Biblioteca Central do Gragoatá - UFF,Mestrado,
42,5275561,UNIVERSIDADE FEDERAL DO PARANÁ,EDUCAÇÃO,Curitiba,"DA ""IDEOLOGIA DE GÊNERO"" À FAMÍLIA HETERONORMATIVA: UMA ANÁLISE DO PLANO MUNICIPAL DE EDUCAÇÃO DE CURITIBA",AMANDA DA SILVA,2017-12-14,1,135,BIBLIOTECA CENTRAL,Mestrado,https://sucupira.capes.gov.br/sucupira/public/consultas/coleta/trabalhoConclusao/viewTrabalhoConclusao.jsf?popup=true&id_trabalho=5275561
43,6109126,UNIVERSIDADE FEDERAL DA PARAÍBA ( JOÃO PESSOA ),EDUCAÇÃO,João Pessoa,ANÁLISE DA “IDEOLOGIA DE GÊNERO” NO PLANO MUNICIPAL DE EDUCAÇÃO DE JOÃO PESSOA - PB (2015-2025),JOEL MARTINS CAVALCANTE,2017-07-20,01,207,http://tede.biblioteca.ufpb.br/?locale=pt_BR,Mestrado,https://sucupira.capes.gov.br/sucupira/public/consultas/coleta/trabalhoConclusao/viewTrabalhoConclusao.jsf?popup=true&id_trabalho=6109126
44,10753345,UNIVERSIDADE FEDERAL DA BAHIA,EDUCAÇÃO,Salvador,MOVIMENTOS FORMATIVOS CONTRA-HEGEMÔNICOS NA FACULDADE DE EDUCAÇÃO DA UFBA: PRIMAVERA NOS DENTES,QUENIA AUANA LOIOLA CARVALHAL,2020-10-03,1,215,Biblioteca Anisio Teixeira-FACED e Biblioteca Reitor Macedo Costa,Mestrado,https://sucupira.capes.gov.br/sucupira/public/consultas/coleta/trabalhoConclusao/viewTrabalhoConclusao.jsf?popup=true&id_trabalho=10753345
45,7626222,UNIVERSIDADE DE BRASÍLIA,CIÊNCIA  POLÍTICA,Brasília,“IDEOLOGIA DE GÊNERO”? AS REAÇÕES À AGENDA POLÍTICA DE IGUALDADE DE GÊNERO NO CONGRESSO  NACIONAL,RANIERY PARRA TEIXEIRA,2019-02-28,1,169,bce,Mestrado,https://sucupira.capes.gov.br/sucupira/public/consultas/coleta/trabalhoConclusao/viewTrabalhoConclusao.jsf?popup=true&id_trabalho=7626222
46,20121928001010044P0,UNIVERSIDADE FEDERAL DA BAHIA,PSICOLOGIA,SALVADOR,"TRAJETÓRIAS DE MULHERES QUE VIVEM COM O HIV: UM ESTUDO A RESPEITO DE IDEOLOGIA DE GÊNERO, AUTOESTIMA E BEM-ESTAR SUBJETIVO",Dafne Andrea Vásquez Suit,2012-06-01,1,212,BC e FFCH,Doutorado,
47,10272375,UNIVERSIDADE FEDERAL DO RIO GRANDE DO SUL,EDUCAÇÃO,Porto Alegre,Distopia à brasileira: a (re)produção do discurso antigênero no contexto das políticas públicas educacionais de municípios do Rio Grande do Sul (2014-2019),CARLOS EDUARDO BARZOTTO,2020-07-09,1,146,Biblioteca Central UFRGS,Mestrado,https://sucupira.capes.gov.br/sucupira/public/consultas/coleta/trabalhoConclusao/viewTrabalhoConclusao.jsf?popup=true&id_trabalho=10272375
48,10034043,UNIVERSIDADE FEDERAL DO ESPÍRITO SANTO,Comunicação e Territorialidades,Vitória,ESTRATÉGIAS DISCURSIVAS DE ENGAJAMENTO SOCIAL DO MOVIMENTO ?ESCOLA SEM PARTIDO? NO FACEBOOK,FREDERICO DE SOUZA RAMOS CARNEIRO,2020-12-17,1,174,Central e Setorial do Centro de Artes,Mestrado,https://sucupira.capes.gov.br/sucupira/public/consultas/coleta/trabalhoConclusao/viewTrabalhoConclusao.jsf?popup=true&id_trabalho=10034043
49,10779441,UNIVERSIDADE FEDERAL DE CAMPINA GRANDE,HISTÓRIA,Campina Grande,?CAÇA ÀS BRUXAS? NA EDUCAÇÃO CONTEMPORÂNEA: A LEI DA ?IDEOLOGIA DE GÊNERO? E AS AMEAÇAS À AUTONOMIA DOCENTE NA PARAÍBA (2017-2018),GUILHERME LIMA DE ARRUDA,2020-12-03,undefined,undefined,undefined,Mestrado,https://sucupira.capes.gov.br/sucupira/public/consultas/coleta/trabalhoConclusao/viewTrabalhoConclusao.jsf?popup=true&id_trabalho=10779441
50,7005287,UNIVERSIDADE FEDERAL DA GRANDE DOURADOS,Sociologia,Dourados,A “IDEOLOGIA DE GÊNERO” COMO UMA PRÁTICA DISCURSIVA TAGARELA DE SILENCIAMENTO: UMA ANÁLISE GENEALÓGICA DO PROJETO DE LEI ESCOLA SEM PARTIDO,CAMILA CAMARGO FERREIRA,2018-04-24,1,205,UFGD,Mestrado,https://sucupira.capes.gov.br/sucupira/public/consultas/coleta/trabalhoConclusao/viewTrabalhoConclusao.jsf?popup=true&id_trabalho=7005287
51,4992770,CENTRO FEDERAL DE EDUCAÇÃO TECN. CELSO SUCKOW DA FONSECA,FILOSOFIA E ENSINO,Rio de Janeiro,A NATUREZA DA CRISE NA EDUCAÇÃO COMO OPORTUNIDADE DO ENSINO DE FILOSOFIA: UMA PROPOSTA A PARTIR DE HANNAH ARENDT,WAGNER DE MORAES PINHEIRO,2017-02-06,1,101,Biblioteca Central do Cefet/RJ,Mestrado Profissional,https://sucupira.capes.gov.br/sucupira/public/consultas/coleta/trabalhoConclusao/viewTrabalhoConclusao.jsf?popup=true&id_trabalho=4992770
52,8156945,UNIVERSIDADE FEDERAL RURAL DO RIO DE JANEIRO,Ciências Sociais,Seropédica,"""Ideologia de gênero” e a juventude assembleiana – perspectivas sociológicas",BRUNA LASSE ARAUJO,2019-06-28,1,115,Biblioteca Central - UFRRJ,Mestrado,https://sucupira.capes.gov.br/sucupira/public/consultas/coleta/trabalhoConclusao/viewTrabalhoConclusao.jsf?popup=true&id_trabalho=8156945
53,7896382,UNIVERSIDADE FEDERAL DE ALAGOAS,Psicologia,Maceió,GÊNERO E SEXUALIDADE NO COTIDIANO ESCOLAR SOB A PERSPECTIVA DE PROFESSORAS E PROFESSORES ,JARDIAEL HERCULANO DA SILVA,2019-09-24,undefined,undefined,undefined,Mestrado,https://sucupira.capes.gov.br/sucupira/public/consultas/coleta/trabalhoConclusao/viewTrabalhoConclusao.jsf?popup=true&id_trabalho=7896382
54,10760264,UNIVERSIDADE ESTADUAL PAULISTA JÚLIO DE MESQUITA FILHO ( MARÍLIA ),SOCIOLOGIA EM REDE NACIONAL,Fortaleza,Sociologia e Consubstancialidade de Gênero: em tempos de fundamentalismo religioso e reformas educacionais neoliberais.,ELAINE REGINA OKADO BOTTER,2020-10-29,1,323, UNIVERSIDADE ESTADUAL PAULISTA ? FACULDADE DE FILOSOFIA E CIÊNCIAS - MARÍLIA,Mestrado Profissional,https://sucupira.capes.gov.br/sucupira/public/consultas/coleta/trabalhoConclusao/viewTrabalhoConclusao.jsf?popup=true&id_trabalho=10760264
55,10766340,UNIVERSIDADE FEDERAL FLUMINENSE,ANTROPOLOGIA,Niterói,Institucionalização do antifeminismo no Brasil: Um estudo sobre as Articulações de mulheres antifeministas no cenário político e social brasileiro,ALEXSANDRA FERREIRA AQUINO,2020-10-09,1,127,undefined,Mestrado,https://sucupira.capes.gov.br/sucupira/public/consultas/coleta/trabalhoConclusao/viewTrabalhoConclusao.jsf?popup=true&id_trabalho=10766340
56,7633378,UNIVERSIDADE FEDERAL DO PARANÁ,EDUCAÇÃO,Curitiba,O PLANO ESTADUAL DE EDUCAÇÃO DO PARANÁ E AS NARRATIVAS SOBRE GÊNERO,KARINA VEIGA MOTTIN,2019-03-01,1,108,BIBLIOTECA CENTRAL DA UFPR,Mestrado,https://sucupira.capes.gov.br/sucupira/public/consultas/coleta/trabalhoConclusao/viewTrabalhoConclusao.jsf?popup=true&id_trabalho=7633378
57,7941854,UNIVERSIDADE FEDERAL DE SANTA MARIA,LETRAS,Santa Maria,O POLÍTICO NAS LEIS NACIONAIS DE EDUCAÇÃO ,FRANCIELE FARIAS SEPEL,2019-03-12,undefined,undefined,Biblioteca Central da UFSM,Mestrado,https://sucupira.capes.gov.br/sucupira/public/consultas/coleta/trabalhoConclusao/viewTrabalhoConclusao.jsf?popup=true&id_trabalho=7941854
58,654554,UNIVERSIDADE FEDERAL DA PARAÍBA/JOÃO PESSOA,FILOSOFIA (UFPE-UFPB-UFRN),João Pessoa,CONVENIÊNCIA E PLAUSIBILIDADE DA PROPOSIÇÃO DE QUE JUSTIÇA É HARMONIA NA REPÚBLICA DE PLATÃO,JORGE DOS SANTOS LIMA,2013-11-05,1,186,UFRN,Doutorado,https://sucupira.capes.gov.br/sucupira/public/consultas/coleta/trabalhoConclusao/viewTrabalhoConclusao.jsf?popup=true&id_trabalho=654554
59,3634399,UNIVERSIDADE FEDERAL DO PARANÁ,GEOGRAFIA,Curitiba,DA ÉTICA GEOCRÍTICA À ÉTICA SOCIOAMBIENTAL: A DOUTRINAÇÃO NO CAMPO GEOGRÁFICO BRASILEIRO E NA GEOGRAFIA ESCOLAR,HERIVELTO SOARES DA COSTA,2016-05-04,1,155,Biblioteca Central UFPR,Doutorado,https://sucupira.capes.gov.br/sucupira/public/consultas/coleta/trabalhoConclusao/viewTrabalhoConclusao.jsf?popup=true&id_trabalho=3634399
60,7163528,UNIVERSIDADE DE TAUBATÉ,LINGÜÍSTICA APLICADA,Taubaté,OS ATRAVESSAMENTOS IDEOLÓGICOS DO MOVIMENTO ESCOLA SEM PARTIDO,LUCIANO PAZ DE LIRA,2018-04-23,1,128,"BIBLIOTECA DO DEPARTAMENTO DE CIÊNCIAS SOCIAIS, LETRAS, SERVIÇO SOCIAL E PEDAGOGIA.",Mestrado,https://sucupira.capes.gov.br/sucupira/public/consultas/coleta/trabalhoConclusao/viewTrabalhoConclusao.jsf?popup=true&id_trabalho=7163528
61,7850437,UNIVERSIDADE DE BRASÍLIA,COMUNICAÇÃO,Brasília,ETERNA LUTA PELA MENTE DOS HOMENS: PROPAGANDA IDEOLÓGICA E A PERSPECTIVA DE NOAM CHOMSKY.,HADASSA ESTER DAVID,2019-06-27,undefined,undefined,BCE,Doutorado,https://sucupira.capes.gov.br/sucupira/public/consultas/coleta/trabalhoConclusao/viewTrabalhoConclusao.jsf?popup=true&id_trabalho=7850437
62,7658749,UNIVERSIDADE FEDERAL DE ALAGOAS,Linguística e Literatura,Maceió,ESCOLA PÚBLICA DO AGRESTE ALAGOANO E A IDEOLOGIA DE GÊNERO: O QUE O ENSINO DE LÍNGUA INGLESA TEM A VER COM ISSO?,JONATHA RODRIGUES DA SILVA,2019-03-29,1,99,Biblioteca Central da Ufal,Mestrado,https://sucupira.capes.gov.br/sucupira/public/consultas/coleta/trabalhoConclusao/viewTrabalhoConclusao.jsf?popup=true&id_trabalho=7658749
63,6344083,PONTIFÍCIA UNIVERSIDADE CATÓLICA DE MINAS GERAIS,PSICOLOGIA,Belo Horizonte,O SLOGAN IDEOLOGIA DE GÊNERO: uma abordagem crítico discursiva no campo das políticas públicas de intervenção psicossocial e análise dos processos de subjetivação na educação.,MAGNER MIRANDA DE SOUZA,2018-03-16,01,110,Biblioteca Padre Alberto Antoniazzi,Mestrado,https://sucupira.capes.gov.br/sucupira/public/consultas/coleta/trabalhoConclusao/viewTrabalhoConclusao.jsf?popup=true&id_trabalho=6344083
64,6307218,PONTIFÍCIA UNIVERSIDADE CATÓLICA DE SÃO PAULO,DIREITO,São Paulo,A união de vidas em nome do afeto e o direito,ANA CAROLINA BERGAMASCHI AROUCA,2018-01-22,1,133,PUC-SP,Doutorado,https://sucupira.capes.gov.br/sucupira/public/consultas/coleta/trabalhoConclusao/viewTrabalhoConclusao.jsf?popup=true&id_trabalho=6307218
65,9685096,UNIVERSIDADE ESTADUAL DO PARANÁ - REITORIA,Sociedade e Desenvolvimento,Campo Mourão,A família em primeiro lugar: campanha de candidatos evangélicos à Assembleia Legislativa Paranaense em 2018,LUCAS ALVES DA SILVA,2020-03-13,2,132,Universidade Estadual do Paraná- Campus Campo Mourão.,Mestrado,https://sucupira.capes.gov.br/sucupira/public/consultas/coleta/trabalhoConclusao/viewTrabalhoConclusao.jsf?popup=true&id_trabalho=9685096
66,9486956,UNIVERSIDADE FEDERAL DO PARANÁ,SOCIOLOGIA EM REDE NACIONAL,Fortaleza,Narrativas que importam: leituras literárias no ensino de gênero e sexualidade nas aulas de Sociologia,ANDRESSA FONTANA PIRES,2020-02-07,Único,145,Universidade Federal do Paraná - Biblioteca de Ciências Humanas,Mestrado Profissional,https://sucupira.capes.gov.br/sucupira/public/consultas/coleta/trabalhoConclusao/viewTrabalhoConclusao.jsf?popup=true&id_trabalho=9486956
67,8217853,UNIVERSIDADE FEDERAL DO RIO GRANDE DO SUL,PSICOLOGIA SOCIAL E INSTITUCIONAL,Porto Alegre,DIVERSIDADE SEXUAL E DE GÊNERO NAS ESCOLAS NO CONTEMPORÂNEO DA “IDEOLOGIA DE GÊNERO”: uma proposição ética de corpos-agência ,CAROLINA MACHADO MOMBACH,2019-12-12,undefined,undefined,LUME - Repositório Digital UFRGS,Mestrado,https://sucupira.capes.gov.br/sucupira/public/consultas/coleta/trabalhoConclusao/viewTrabalhoConclusao.jsf?popup=true&id_trabalho=8217853
68,6387922,UNIVERSIDADE FEDERAL DE PERNAMBUCO,Educação Contemporânea,Caruaru,A CONSTRUÇÃO DO PÂNICO MORAL SOBRE A CHAMADA ‘IDEOLOGIA DE GÊNERO’ NOS SITES DOS MOVIMENTOS CRISTÃOS (NEO) CONSERVADORES,BENEDITO LEITE DE SOUZA JUNIOR,2018-09-04,1,86,Biblioteca Central da UFPE,Mestrado,https://sucupira.capes.gov.br/sucupira/public/consultas/coleta/trabalhoConclusao/viewTrabalhoConclusao.jsf?popup=true&id_trabalho=6387922
69,10307467,UNIVERSIDADE FEDERAL FLUMINENSE,CIÊNCIA  POLÍTICA,Niterói,"Militarização do ensino e Escola sem Partido: uma análise dos discursos de vigilância, controle e disciplina",FLAVIA MENDES FERREIRA,2020-12-18,undefined,292,undefined,Doutorado,https://sucupira.capes.gov.br/sucupira/public/consultas/coleta/trabalhoConclusao/viewTrabalhoConclusao.jsf?popup=true&id_trabalho=10307467
70,7663312,UNIVERSIDADE FEDERAL DO ESPÍRITO SANTO,ARTES,Vitória,FALLEN PRINCESSES:A DESCONSTRUÇÃO DA IMAGEM DAS PRINCESAS DA DISNEY NA OBRA FOTOGRÁFICA DIGITAL DE DINA GOLDSTEIN,DANIELA MENEGHELLI,2019-04-01,1,130,Setorial,Mestrado,https://sucupira.capes.gov.br/sucupira/public/consultas/coleta/trabalhoConclusao/viewTrabalhoConclusao.jsf?popup=true&id_trabalho=7663312
71,7658175,UNIVERSIDADE ESTADUAL DO PARANÁ - REITORIA,Sociedade e Desenvolvimento,Campo Mourão,NA IGREJA E NA POLÍTICA: A ATUAÇÃO DE DEPUTADOS EVANGÉLICOS NA ASSEMBLEIA LEGISLATIVA DO PARANÁ (ALEP).,DAIANA NUNES DA ROSA,2019-03-13,3,119,Universidade Estadual do Paraná- Campus de Campo Mourão,Mestrado,https://sucupira.capes.gov.br/sucupira/public/consultas/coleta/trabalhoConclusao/viewTrabalhoConclusao.jsf?popup=true&id_trabalho=7658175
72,5549337,UNIVERSIDADE DO ESTADO DO PARÁ,CIÊNCIAS DA RELIGIÃO,Belém,O ORÁCULO PENTECOSTAL: o papel da mulher no pentecostalismo; Assembleia de Deus em Belém do Pará; carismas e conflitos nas disputas dos gêneros,JOSE AUGUSTO OLIVEIRA DIAS,2016-03-21,undefined,undefined,undefined,Mestrado,https://sucupira.capes.gov.br/sucupira/public/consultas/coleta/trabalhoConclusao/viewTrabalhoConclusao.jsf?popup=true&id_trabalho=5549337
73,7166840,UNIVERSIDADE FEDERAL DO RIO GRANDE DO NORTE,EDUCAÇÃO,Natal,EMBATES SOBRE QUESTÕES DE GÊNERO E SEXUALIDADE NO PLANO MUNICIPAL DE EDUCAÇÃO DE SANTA MARIA/RN: O FRUTO PROIBIDO NA EDUCAÇÃO ESCOLAR,JANSEN CARLOS VIEIRA DA SILVA,2018-08-30,undefined,undefined,undefined,Mestrado,https://sucupira.capes.gov.br/sucupira/public/consultas/coleta/trabalhoConclusao/viewTrabalhoConclusao.jsf?popup=true&id_trabalho=7166840
74,7480048,UNIVERSIDADE DO ESTADO DO RIO GRANDE DO NORTE,CIÊNCIAS DA LINGUAGEM,Mossoró,"Legislação, Discurso e poder: uma análise discursiva da lei municipal nº 3.290 2015",JONAS YURI CARLOS DA COSTA,2018-12-04,undefined,97,Biblioteca Central da Universidade do Estado do Rio Grande do Norte,Mestrado,https://sucupira.capes.gov.br/sucupira/public/consultas/coleta/trabalhoConclusao/viewTrabalhoConclusao.jsf?popup=true&id_trabalho=7480048
75,5838435,UNIVERSIDADE ESTADUAL DO CEARÁ,EDUCAÇÃO E ENSINO (MAIE),Limoeiro do Norte,FORMAÇÃO DOCENTE NO PAIC E PNAIC: CRÍTICA À RACIONALIDADE PRAGMÁTICA INSTRUMENTAL,AMANCIO LEANDRO CORREA PIMENTEL,2018-02-09,1,118,Biblioteca Cônego Misael Alves de Sousa ,Mestrado,https://sucupira.capes.gov.br/sucupira/public/consultas/coleta/trabalhoConclusao/viewTrabalhoConclusao.jsf?popup=true&id_trabalho=5838435
76,6777798,UNIVERSIDADE ESTADUAL PAULISTA JÚLIO DE MESQUITA FILHO ( MARÍLIA ),CIÊNCIAS SOCIAIS,Marília,“QUANTAS CURTIDAS MERECE ESSA TRANS?”: A RECEPÇÃO DA TRANSEXUALIDADE NAS MÍDIAS DIGITAIS,LUIZ AUGUSTO MUGNAI VIEIRA JUNIOR,2018-12-04,1,280,"UNESP, Campus de Marília",Doutorado,https://sucupira.capes.gov.br/sucupira/public/consultas/coleta/trabalhoConclusao/viewTrabalhoConclusao.jsf?popup=true&id_trabalho=6777798
77,9445065,UNIVERSIDADE ESTADUAL VALE DO ACARAÚ,SOCIOLOGIA EM REDE NACIONAL,Fortaleza,O SONO DA RAZÃO PRODUZ MONSTROS: A ENTRADA DO MOVIMENTO ?ESCOLA SEM PARTIDO? EM SOBRAL - CE,JOSE GERALDO DE OLIVEIRA FILHO,2020-07-03,Único,183,Biblioteca Central da Universidade Estadual Vale do Acaraú,Mestrado Profissional,https://sucupira.capes.gov.br/sucupira/public/consultas/coleta/trabalhoConclusao/viewTrabalhoConclusao.jsf?popup=true&id_trabalho=9445065
78,7893060,UNIVERSIDADE ESTADUAL DE CAMPINAS,EDUCAÇÃO,Campinas,LEGISLADORES DO DESEJO: UMA ETNOGRAFIA DAS DIFERENÇAS NA EDUCAÇÃO INFANTIL A PARTIR DOS DEBATES DA IDEOLOGIA DE GÊNERO,ALEX BARREIRO,2019-04-22,01,116,Biblioteca Central da Unicamp,Doutorado,https://sucupira.capes.gov.br/sucupira/public/consultas/coleta/trabalhoConclusao/viewTrabalhoConclusao.jsf?popup=true&id_trabalho=7893060
79,7793770,UNIVERSIDADE FEDERAL DE ALFENAS,Educação,Alfenas,ANÁLISE DE DISCURSO NA REDE SOCIAL: O PROGRAMA “ESCOLA SEM PARTIDO” E SUAS CONTRIBUIÇÕES PARA A LEGITIMAÇÃO DA MASCULINIDADE HEGEMÔNICA ,RODRIGO LUIZ NERY,2019-09-30,1,176,Biblioteca Central UNIFAL-MG,Mestrado,https://sucupira.capes.gov.br/sucupira/public/consultas/coleta/trabalhoConclusao/viewTrabalhoConclusao.jsf?popup=true&id_trabalho=7793770
80,7290178,FUNDAÇÃO UNIVERSIDADE FEDERAL DE SERGIPE,Ciências da Religião,São Cristóvão,"Ideologia de gênero, novo martelo das feiticeiras: um histórico da cruzada contra gênero empreendida pelo campo católico conservador",INGRIT MACHADO JEAMPIETRI DE PAIVA,2018-02-23,undefined,undefined,Biblioteca Central da Universidade Federal de Sergipe,Mestrado,https://sucupira.capes.gov.br/sucupira/public/consultas/coleta/trabalhoConclusao/viewTrabalhoConclusao.jsf?popup=true&id_trabalho=7290178
81,1513138,UNIVERSIDADE FEDERAL DO RIO GRANDE DO SUL,HISTÓRIA,Porto Alegre,"O ""mínimo"" em disputa : salário mínimo, política, alimentação e gênero na cidade de Porto Alegre (c. 1940 - c. 1968)",NAUBER GAVSKI DA SILVA,2014-11-07,undefined,385,undefined,Doutorado,https://sucupira.capes.gov.br/sucupira/public/consultas/coleta/trabalhoConclusao/viewTrabalhoConclusao.jsf?popup=true&id_trabalho=1513138
82,6228099,UNIVERSIDADE FEDERAL DO PARANÁ,EDUCAÇÃO,Curitiba,"CIÊNCIA, FUNDAMENTALISMO RELIGIOSO E DIVERSIDADE: A APROPRIAÇÃO DE DISCURSOS CIENTÍFICOS-BIOLÓGICOS PARA A PRODUÇÃO DE ÓDIO E  VIOLÊNCIA CONTRA AS SEXUALIDADES E GÊNEROS DISSIDENTES NAS MÍDIAS SOCIAIS",TAMIRES TOLOMEOTTI PEREIRA,2018-03-02,1,143,BIBLIOTECA CENTRAL DA UFPR,Mestrado,https://sucupira.capes.gov.br/sucupira/public/consultas/coleta/trabalhoConclusao/viewTrabalhoConclusao.jsf?popup=true&id_trabalho=6228099
83,3954354,UNIVERSIDADE FEDERAL DE GOIÁS,EDUCAÇÃO - CAMPUS CATALÃO,Catalão,Ensino Religioso no Amapá: Uma disciplina em construção (2006-2011),MARIA DE LOURDES SANCHES VULCAO,2016-08-10,I,136,BSCAC,Mestrado,https://sucupira.capes.gov.br/sucupira/public/consultas/coleta/trabalhoConclusao/viewTrabalhoConclusao.jsf?popup=true&id_trabalho=3954354
84,3391542,UNIVERSIDADE FEDERAL DA BAHIA,CIÊNCIAS SOCIAIS,Salvador,"ELAS SÃO, MULHERES DESEMPREGADAS E MOBILIZADAS ENTRE A LUTA E A SUBSISTÊNCIA: O CASO DO GOLFO SAN JORGE",MARTHA SUSANA DIAZ,2015-10-13,1,287,FFCH - Isaías Alves,Doutorado,https://sucupira.capes.gov.br/sucupira/public/consultas/coleta/trabalhoConclusao/viewTrabalhoConclusao.jsf?popup=true&id_trabalho=3391542
85,4927799,UNIVERSIDADE FEDERAL FLUMINENSE,Estudos de Linguagem,Niterói,UMA ANÁLISE FEMINISTA DA CONSTRUÇÃO DE GÊNERO EM LIVROS DIDÁTICOS DE INGLÊS APROVADOS PELO PNLD 2014,MARIA GABRIELLA MAYWORM DE CASTRO,2016-11-09,01,126,BIBLIOTECA CENTRAL DO GRAGOATÁ - UFF/NITERÓI,Mestrado,https://sucupira.capes.gov.br/sucupira/public/consultas/coleta/trabalhoConclusao/viewTrabalhoConclusao.jsf?popup=true&id_trabalho=4927799
86,10001720,UNIVERSIDADE FEDERAL DA PARAÍBA ( JOÃO PESSOA ),LINGÜÍSTICA,João Pessoa,"UMA PRÁTICA DISCURSIVA DA MENTIRA: SEXUALIDADE, MORAL E VERDADE EM FAKE NEWS CHECADAS PELO SITE E-FARSAS",JOSEELDO PEREIRA DA SILVA JUNIOR,2020-02-27,1,105,BC-UFPB,Mestrado,https://sucupira.capes.gov.br/sucupira/public/consultas/coleta/trabalhoConclusao/viewTrabalhoConclusao.jsf?popup=true&id_trabalho=10001720
87,9363030,UNIVERSIDADE DA REGIÃO DE JOINVILLE,Educação,Joinville,Movimentos Conservadores e Gênero na Educação: Uma Análise a partir da Lei 7.595/2018 do Munícipio de Jaraguá do Sul - SC ,MARIA ANGELA NOLLI,2020-05-27,2,130,Universidade da Região de Joinville - UNIVILLE,Mestrado,https://sucupira.capes.gov.br/sucupira/public/consultas/coleta/trabalhoConclusao/viewTrabalhoConclusao.jsf?popup=true&id_trabalho=9363030
88,6349234,UNIVERSIDADE DO VALE DO ITAJAÍ,GESTÃO DE POLÍTICAS PÚBLICAS,Itajaí,NARRATIVAS DE PROFESSORES/AS DA ESCOLA TANCREDO NEVES SOBRE A NÃO INCLUSÃO DE GÊNERO E SEXUALIDADE NO PLANO MUNICIPAL DE EDUCAÇÃO DE CÁCERES-MT (2015),IGNIS MARCIELLE VIEIRA SOBRAL MACEDO,2018-06-06,ÚNICO,92,Biblioteca Central Comunitária da Univali,Mestrado Profissional,https://sucupira.capes.gov.br/sucupira/public/consultas/coleta/trabalhoConclusao/viewTrabalhoConclusao.jsf?popup=true&id_trabalho=6349234
89,4745110,UNIVERSIDADE FEDERAL DE PERNAMBUCO,Educação Contemporânea,Caruaru,"“MARIAS TAMBÉM TÊM FORÇA"": A EMERGÊNCIA DO DISCURSO DE ENFRENTAMENTO À VIOLÊNCIA CONTRA A MULHER NA REDE PÚBLICA DE ENSINO DE CARUARU",KARINNY LIMA OLIVEIRA,2016-10-14,1,166,Biblioteca Central da UFPE,Mestrado,https://sucupira.capes.gov.br/sucupira/public/consultas/coleta/trabalhoConclusao/viewTrabalhoConclusao.jsf?popup=true&id_trabalho=4745110
90,7730424,UNIVERSIDADE FEDERAL FLUMINENSE,POLÍTICA SOCIAL,Niterói,MULHERES PROFESSORAS E A INTERSECCIONALIDADE INTERDISCIPLINAR E TRANSVERSAL NA PRÁTICA DOCENTE,CARLA MARINA NETO DAS NEVES LOBO,2019-07-31,Único,273,BCG - UFF,Doutorado,https://sucupira.capes.gov.br/sucupira/public/consultas/coleta/trabalhoConclusao/viewTrabalhoConclusao.jsf?popup=true&id_trabalho=7730424
91,7709875,UNIVERSIDADE ESTADUAL PAULISTA JÚLIO DE MESQUITA FILHO ( MARÍLIA ),CIÊNCIAS SOCIAIS,Marília,GÊNERO E SOCIOLOGIA NO ENSINO MÉDIO ENTRE ENSINAR E APRENDER,NATALIA CRISTINA SGANZELLA DE ARAUJO,2019-06-27,1,156,"UNESP, Campus de Marília",Doutorado,https://sucupira.capes.gov.br/sucupira/public/consultas/coleta/trabalhoConclusao/viewTrabalhoConclusao.jsf?popup=true&id_trabalho=7709875
92,154132,UNIVERSIDADE DE SÃO PAULO,MEDICINA (MEDICINA PREVENTIVA),São Paulo,"Até que a morte os separe: os cônjuges cuidadores, profissionais de saúde e o cuidar",CAMILA CRISTINA BORTOLOZZO XIMENES DE SOUZA,2013-10-02,1,265,Faculdade,Mestrado,https://sucupira.capes.gov.br/sucupira/public/consultas/coleta/trabalhoConclusao/viewTrabalhoConclusao.jsf?popup=true&id_trabalho=154132
93,4109324,UNIVERSIDADE METODISTA DE SÃO PAULO,EDUCAÇÃO,São Bernardo do Campo,A ESCOLA E O INÉDITO VIÁVEL: FUNDAMENTOS IDEOLÓGICOS PARA UMA NOVA HEGEMONIA SÃO BERNARDO DO CAMPO 2016,EDSON FASANO,2016-12-01,02,367,Biblioteca Digital de Teses e Dissertações,Doutorado,https://sucupira.capes.gov.br/sucupira/public/consultas/coleta/trabalhoConclusao/viewTrabalhoConclusao.jsf?popup=true&id_trabalho=4109324
94,7328769,UNIVERSIDADE FEDERAL DO ESPÍRITO SANTO,EDUCAÇÃO,Vitória,DEMOCRACIA E A EDUCAÇÃO ESCOLAR: UMA ANÁLISE À LUZ DA PEDAGOGIA HISTÓRICO-CRÍTICA,JULIANA PEREIRA RAGETELES GOMES,2018-08-21,01,123,Biblioteca Central UFES,Mestrado,https://sucupira.capes.gov.br/sucupira/public/consultas/coleta/trabalhoConclusao/viewTrabalhoConclusao.jsf?popup=true&id_trabalho=7328769
95,8243325,UNIVERSIDADE ESTADUAL DO SUDOESTE DA BAHIA,EDUCAÇÃO,Vitória da Conquista,"Docência, Gênero e Pedagogia: discursos dos discentes e docentes do curso de Pedagogia da UESB, campus de Itapetinga",NILSON SOUSA CIRQUEIRA,2019-04-05,1,165,Universidade Estadual do Sudoeste da Bahia - UESB,Mestrado,https://sucupira.capes.gov.br/sucupira/public/consultas/coleta/trabalhoConclusao/viewTrabalhoConclusao.jsf?popup=true&id_trabalho=8243325
96,8038064,UNIVERSIDADE DE SÃO PAULO,PSICOLOGIA ESCOLAR E DO DESENVOLVIMENTO HUMANO,São Paulo,"Por que clamam por uma escola livre de doutrinação política, sexual e ideológica? Um estudo dos tabus sobre o magistério e da ideologia da racionalidade tecnológica""",GABRIEL KATSUMI SAITO,2019-12-13,1,1,"Biblioteca Dante Moreira Leite, Instituto de Psicologia",Mestrado,https://sucupira.capes.gov.br/sucupira/public/consultas/coleta/trabalhoConclusao/viewTrabalhoConclusao.jsf?popup=true&id_trabalho=8038064
97,2498286,UNIVERSIDADE FEDERAL DO PARANÁ,HISTÓRIA,Curitiba,"Operação Pequeno Príncipe: a ação da polícia política no combate à doutrinação comunista nas pré-escolas Oficina e Oca (Curitiba, 1978).",JOSE DOS SANTOS DE ABREU,2015-08-28,1,181,Sistema de Bibliotecas da UFPR,Mestrado,https://sucupira.capes.gov.br/sucupira/public/consultas/coleta/trabalhoConclusao/viewTrabalhoConclusao.jsf?popup=true&id_trabalho=2498286
98,7722959,UNIVERSIDADE DO ESTADO DE MINAS GERAIS,Educação,Belo Horizonte,GÊNERO E SEXUALIDADE NA FORMAÇÃO DOCENTE: REFLEXÕES DE EGRESSAS DO CURSO DE PEDAGOGIA,URSULA VIANA MANSUR,2019-02-26,1,114,Biblioteca Raymundo Nonato Fernandes,Mestrado,https://sucupira.capes.gov.br/sucupira/public/consultas/coleta/trabalhoConclusao/viewTrabalhoConclusao.jsf?popup=true&id_trabalho=7722959
99,5343119,UNIVERSIDADE DE BRASÍLIA,GEOGRAFIA,Brasília,Juventudes e movimento de ocupação das escolas: caminhos para o ensino de geografia,ALCINEIA DE SOUZA SILVA,2017-12-08,1,161,http://repositorio.unb.br,Mestrado,https://sucupira.capes.gov.br/sucupira/public/consultas/coleta/trabalhoConclusao/viewTrabalhoConclusao.jsf?popup=true&id_trabalho=5343119
100,2569030,UNIVERSIDADE COMUNITÁRIA DA REGIÃO DE CHAPECÓ,EDUCAÇÃO,Chapecó,"É preciso plasmar na cera virgem, que é a alma da criança, a alma da própria Pátria: cartilhas escolares e doutrinação infantil no contexto da Era Vargas (1937-1945)",ZENAIDE INES SCHMITZ,2015-08-07,1,256,Universidade Comunitária da Região de Chapecó,Mestrado,https://sucupira.capes.gov.br/sucupira/public/consultas/coleta/trabalhoConclusao/viewTrabalhoConclusao.jsf?popup=true&id_trabalho=2569030
101,10513976,UNIVERSIDADE FEDERAL DO ESPÍRITO SANTO,PSICOLOGIA,Vitória,Gênero e feminismo para cristãos capixabas: um estudo de representações sociais.,ANA CAROLINA CAETANO TAVARES MOREIRA,2020-09-21,1,253,Biblioteca Central da Ufes,Mestrado,https://sucupira.capes.gov.br/sucupira/public/consultas/coleta/trabalhoConclusao/viewTrabalhoConclusao.jsf?popup=true&id_trabalho=10513976
102,9884699,UNIVERSIDADE FEDERAL FLUMINENSE,HISTÓRIA,Niterói,NAS REDES DO ESCOLA ?SEM? PARTIDO: ideologia e repressão ao trabalho docente e ensino de História.,WALTER LIMA BRANDAO BAPTISTA,2020-06-29,1,181,UFF,Mestrado,https://sucupira.capes.gov.br/sucupira/public/consultas/coleta/trabalhoConclusao/viewTrabalhoConclusao.jsf?popup=true&id_trabalho=9884699
103,9920948,FUNDAÇÃO UNIVERSIDADE FEDERAL DE SERGIPE,EDUCAÇÃO,São Cristóvão,DA SOCIEDADE DISCIPLINAR À SOCIEDADE DE CONTROLE: PROTAGONISMOS E CAMINHOS DA EDUCAÇÃO DIANTE DAS MUDANÇAS DE REGIMES DE PODER,LUCAS DE OLIVEIRA CARVALHO,2020-02-13,1,96,Bicen,Mestrado,https://sucupira.capes.gov.br/sucupira/public/consultas/coleta/trabalhoConclusao/viewTrabalhoConclusao.jsf?popup=true&id_trabalho=9920948
104,2006733004129042P3,UNIVERSIDADE EST.PAULISTA JÚLIO DE MESQUITA FILHO/PR.PRUDENT,GEOGRAFIA,Presidente Prudente,A PARTICIPAÇÃO DA MULHER NA LUTA PELA TERRA: UMA QUESTÃO DE CLASSE E GÊNERO,RENATA CRISTIANE VALENCIANO,2006-01-01,1,143,FCT/UNESP,Mestrado,
105,5654631,UNIVERSIDADE FEDERAL DE LAVRAS,Educação,Lavras,TEMPOS DISTÓPICOS? DIMENSÃO POLÍTICA DA EDUCAÇÃO NOS PROJETOS SOCIAIS DE FAHRENHEIT 451 E ADMIRÁVEL MUNDO NOVO.,NILBER MARTINS ROSA,2017-12-07,1,122,BIBLIOTECA UNIVERSITÁRIA DA UFLA,Mestrado Profissional,https://sucupira.capes.gov.br/sucupira/public/consultas/coleta/trabalhoConclusao/viewTrabalhoConclusao.jsf?popup=true&id_trabalho=5654631
106,20083331003010016P8,UNIVERSIDADE FEDERAL FLUMINENSE,LETRAS,NITERÓI,REPRESENTAÇÕES DA MULHER EM TEXTOS DE MATERIAIS DIDÁTICOS PARA O ENSINO DE PORTUGUÊS PARA ESTRANGEIROS,ANA MARIA MASCARENHAS GOMES LEITE DE CARVALHO,2008-03-01,1,119,BIBLIOTECA CENTRAL DO GRAGOATÁ,Mestrado,
107,2010833001014025P6,UNIVERSIDADE FEDERAL DE SÃO CARLOS,SOCIOLOGIA,SÃO CARLOS,A figura da mulher na linguagem da propaganda - Implicações sociais.,Débora Mendes Campos,2010-08-01,1,100,Biblioteca Comunitária da UFSCar,Mestrado,
108,7671701,PONTIFÍCIA UNIVERSIDADE CATÓLICA DE SÃO PAULO,PSICOLOGIA (PSICOLOGIA SOCIAL),São Paulo,(In) sustentabilidade na educação: o que está por trás do livro didático?,MARIA SILVIA RIBEIRO,2019-03-22,0,undefined,PUC/SP,Doutorado,https://sucupira.capes.gov.br/sucupira/public/consultas/coleta/trabalhoConclusao/viewTrabalhoConclusao.jsf?popup=true&id_trabalho=7671701
109,20081341001010004P5,UNIVERSIDADE FEDERAL DE SANTA CATARINA,HISTÓRIA,FLORIANÓPOLIS,Orientar e disciplinar a liberdade: um estudo sobre a educação nas milícias juvenis integralistas - 1934-1937.,Giovanny Noceti Viana,2008-05-01,1,134,Biblioteca Central da UFSC,Mestrado,
110,6261356,UNIVERSIDADE FEDERAL DA BAHIA,ESTUDOS ÉTNICOS E AFRICANOS,Salvador,A COR DESSA CIDADE SOU EU?...:IDENTIDADES ÉTNICO-SOCIAIS DE JOVENS DA ESCOLA PÚBLICA E PRIVADA DE SALVADOR.,ARTUR EPIFANIO DOS SANTOS,2017-12-28,1,140,https://repositorio.ufba.br/ri/,Mestrado,https://sucupira.capes.gov.br/sucupira/public/consultas/coleta/trabalhoConclusao/viewTrabalhoConclusao.jsf?popup=true&id_trabalho=6261356
111,9084457,UNIVERSIDADE FEDERAL DE VIÇOSA,LETRAS,Viçosa,ANÁLISE DISCURSIVO-CRÍTICA DE RELATOS DE HOMENS TRANS EM PRÁTICAS SOCIOESCOLARES DE VIÇOSA- MG,SAMUEL DE SA RIBEIRO,2020-03-20,I,238,Biblioteca Central ,Mestrado,https://sucupira.capes.gov.br/sucupira/public/consultas/coleta/trabalhoConclusao/viewTrabalhoConclusao.jsf?popup=true&id_trabalho=9084457
112,9694249,UNIVERSIDADE DE BRASÍLIA,POLÍTICA SOCIAL,Brasília,FORMAÇÃO CONTINUADA EM GÊNERO DE PROFISSIONAIS DA EDUCAÇÃO BÁSICA NO DISTRITO FEDERAL,MARIA DAYSSY STPHANIE ROCHA CERQUEIRA,2020-10-23,01,141,UnB,Mestrado,https://sucupira.capes.gov.br/sucupira/public/consultas/coleta/trabalhoConclusao/viewTrabalhoConclusao.jsf?popup=true&id_trabalho=9694249
113,6379072,UNIVERSIDADE FEDERAL DO CEARÁ,EDUCAÇÃO,Fortaleza,FORMA EDUCAÇÃO E FORMA DIREITO: A ESPECIFICIDADE DA RELAÇÃO CONCRETA CONFORMADORA DO MOMENTO EDUCACIONAL NAS RELAÇÕES SOCIAIS,DAVID ALBUQUERQUE DE OLIVEIRA,2018-07-30,01,110,undefined,Mestrado,https://sucupira.capes.gov.br/sucupira/public/consultas/coleta/trabalhoConclusao/viewTrabalhoConclusao.jsf?popup=true&id_trabalho=6379072
114,200628933130019001P6,UNIVERSIDADE BRAZ CUBAS,"SEMIÓTICA, TECNOLOGIAS DE INFORMAÇÃO E EDUCAÇÃO",Mogi das Cruzes,Publicidade de cosmética facial feminina: uma análise semiótica,Miguel Fontes Filho,2006-09-01,1,114,Universidade Braz Cubas,Mestrado,
115,8202290,UNIVERSIDADE FEDERAL DO RIO GRANDE DO SUL,PSICOLOGIA SOCIAL E INSTITUCIONAL,Porto Alegre,REFLEXÕES SOBRE VERDADE E POLÍTICA: MAPEANDO CONTROVÉRSIAS DO KIT GAY,JOAO GABRIEL MARACCI SILVEIRA CARDOSO,2019-08-22,undefined,undefined,LUME - Repositório Digital UFRGS,Mestrado,https://sucupira.capes.gov.br/sucupira/public/consultas/coleta/trabalhoConclusao/viewTrabalhoConclusao.jsf?popup=true&id_trabalho=8202290
116,7388146,UNIVERSIDADE ESTÁCIO DE SÁ,DIREITO,Rio de Janeiro,O RECONHECIMENTO JURÍDICO E SOCIAL DA IDENTIDADE DE GÊNERO: A ALTERAÇÃO DE NOME E SEXO DA PESSOA TRANSEXUAL,WILIAN MARCON,2018-08-30,1,135,Biblioteca Setorial Campus Presidente Vargas Centro I,Mestrado,https://sucupira.capes.gov.br/sucupira/public/consultas/coleta/trabalhoConclusao/viewTrabalhoConclusao.jsf?popup=true&id_trabalho=7388146
117,20091031010016006P1,FUNDACAO OSWALDO CRUZ,HISTÓRIA DAS CIÊNCIAS,RIO DE JANEIRO,Educação e Profissionalização de Mulheres. Trajetória Científica e Feminista de Bertha Lutz no Museu Nacional do Rio de Janeiro (1919-1937),Lia Gomes Pinto de Sousa,2009-07-01,1,175,Casa de Oswaldo Cruz,Mestrado,
118,2007733005010013P7,PONTIFÍCIA UNIVERSIDADE CATÓLICA DE SÃO PAULO,PSICOLOGIA (PSICOLOGIA SOCIAL),SÃO PAULO,Relações de Gênero em livros didáticos de língua portuguesa: permanências e mudanças,Neide Cardoso de Moura,2007-11-01,1,219,PUC SP,Doutorado,
119,20091442006015003P0,UNIVERSIDADE CATÓLICA DE PELOTAS,LETRAS,Pelotas,A MULHER NO DISCURSO MIDIÁTICO: CANDIDATAS À PREFEITURA MUNICIPAL DE PORTO ALEGRE E SUA REPRESENTAÇÃO NA MÍDIA NAS ELEIÇÕES 2008,Margareth de Oliveira Michel,2009-12-01,1,125,Biblioteca Central,Mestrado,
120,2011231001017111P4,UNIVERSIDADE FEDERAL DO RIO DE JANEIRO,SAÚDE COLETIVA,RIO DE JANEIRO,"Trabalhadeira, mulher e guerreira - O (precário) trabalho das Agentes Comunitárias de Saúde em uma abordagem de gênero",CLARISSA ALVES FERNANDES DE MENEZES,2011-04-01,1,100,Biblioteca do IESC,Mestrado,
121,6308508,PONTIFÍCIA UNIVERSIDADE CATÓLICA DO RIO GRANDE DO SUL,HISTÓRIA,Porto Alegre,FASCISMO À BRASILEIRA: JUVENTUDE E IMPRENSA COMO INSTRUMENTOS DE DOUTRINAÇÃO DA AÇÃO INTEGRALISTA BRASILEIRA (1932-1937),ANDRELISE GAUTERIO SANTORUM,2018-03-08,1,223,Biblioteca Central Irmão José Otão,Mestrado,https://sucupira.capes.gov.br/sucupira/public/consultas/coleta/trabalhoConclusao/viewTrabalhoConclusao.jsf?popup=true&id_trabalho=6308508
122,3979091,UNIVERSIDADE FEDERAL DO PARANÁ,Antropologia e Arqueologia,Curitiba,Uma noção de pessoa trans não­binária,ALISSON GEBRIM KRASOTA,2016-12-08,1,114,Biblioteca do Setor de Ciências Humanas,Mestrado,https://sucupira.capes.gov.br/sucupira/public/consultas/coleta/trabalhoConclusao/viewTrabalhoConclusao.jsf?popup=true&id_trabalho=3979091
123,10293063,UNIVERSIDADE DO ESTADO DO RIO DE JANEIRO,HISTÓRIA SOCIAL,São Gonçalo,Formas distintas para públicos distintos: o discurso integralista de acordo com seu público-alvo,VINICIUS DA SILVA RAMOS,2020-07-08,1,174,UERJ - CEHD - Rede Sírius,Doutorado,https://sucupira.capes.gov.br/sucupira/public/consultas/coleta/trabalhoConclusao/viewTrabalhoConclusao.jsf?popup=true&id_trabalho=10293063
124,20121740002012032P9,UNIVERSIDADE ESTADUAL DE LONDRINA,HISTÓRIA SOCIAL,LONDRINA,Venha o teu reino: representações do tempo na Igreja Evangélica Assembleia de Deus do Brasil (1995-2005).,Vinicius Emanuel Rodrigues,2012-04-01,1,149,Biblioteca Central da Universidade Estadual de Londrina,Mestrado,
125,200436431011012004P5,FUNDAÇÃO GETÚLIO VARGAS/RJ,ADMINISTRAÇÃO,RIO DE JANEIRO,O caráter doutrinário de universidades corporativas,Marcus Brauer Gomes,2004-03-01,1,130,Biblioteca Mario Henrique Simonsen,Mestrado,
126,7681393,UNIVERSIDADE FEDERAL DE SANTA MARIA,LETRAS,Santa Maria,“ESCOLA SEM DOUTRINAÇÃO”: UM PATRULHAMENTO IDEOLÓGICO?,ROCHELI REGINA PREDEBON SILVEIRA,2019-03-11,undefined,undefined,BIBLIOTECA CENTRAL (UFSM),Mestrado,https://sucupira.capes.gov.br/sucupira/public/consultas/coleta/trabalhoConclusao/viewTrabalhoConclusao.jsf?popup=true&id_trabalho=7681393
127,7051732,FACULDADE UNIDA DE VITÓRIA,Ciências das Religiões,Vitória,Ensino Religioso em escolas públicas de Vila Velha - ES: avaliação e propostas,KARLA DE CASSIA REDDER DA SILVA BARBOSA,2018-11-28,1,112,Biblioteca Central Faculdade Unida de Vitória,Mestrado Profissional,https://sucupira.capes.gov.br/sucupira/public/consultas/coleta/trabalhoConclusao/viewTrabalhoConclusao.jsf?popup=true&id_trabalho=7051732
128,200431242005019005P6,PONTIFÍCIA UNIVERSIDADE CATÓLICA DO RIO GRANDE DO SUL,HISTÓRIA,Porto Alegre,Perante o Tribunal da História: O Anticomunismo da Ação Integralista Brasileira (1932-1937),Rodrigo Santos de Oliveira,2004-07-01,1,230,Biblioteca Central da PUCRS - Irmão José Otão,Mestrado,
129,200511431001017111P4,UNIVERSIDADE FEDERAL DO RIO DE JANEIRO,SAÚDE COLETIVA,RIO DE JANEIRO,De peito aberto: falando de mulher para mulher sobre a mastectomia e a assistência à Saúde numa perspectiva de gênero.,SIMONE MEIRA CARVALHO,2005-04-01,1,98,Biblioteca do NESC,Mestrado,
130,20061342004012010P3,UNIVERSIDADE FEDERAL DO RIO GRANDE,LETRAS,RIO GRANDE,DOROTHY CAMARGO GALLO: O UNIVERSO LITERÁRIO E A REPRESENTAÇÃO DA MULHER EM O AMANHÃ DE TANTA ESPERA,Tatiana Gomes do Espírito Santo,2006-10-01,1,125,NID-FURG,Mestrado,
131,148720,FUNDAÇÃO GETÚLIO VARGAS/RJ,"HISTÓRIA, POLÍTICA E BENS CULTURAIS",Rio de Janeiro,Sargentos de 1964: como a disciplina superou a política,LAUSIMAR JOSE ZIMMERMANN,2013-12-09,1,159,Mario Henrique Simonsen Leal,Mestrado,https://sucupira.capes.gov.br/sucupira/public/consultas/coleta/trabalhoConclusao/viewTrabalhoConclusao.jsf?popup=true&id_trabalho=148720
132,8733379,UNIVERSIDADE FEDERAL DE OURO PRETO,História,Ouro Preto,Jeroglíficos de nuestras postrimerias e las postrimerias de Carabuco : a circulação da ideia de Novissimos entre a Espanha e o vice-reinado do Peru no século XVII.,LETICIA ROBERTO DOS SANTOS,2020-03-17,único,151,https://www.repositorio.ufop.br/,Mestrado,https://sucupira.capes.gov.br/sucupira/public/consultas/coleta/trabalhoConclusao/viewTrabalhoConclusao.jsf?popup=true&id_trabalho=8733379
133,1378526,FACULDADE JESUÍTA DE FILOSOFIA E TEOLOGIA,TEOLOGIA,Belo Horizonte,"A CATEQUESE EUCARÍSTICA DO PE. JÚLIO MARIA DE LOMBAERDE, UM FATOR DE TRANSFORMAÇÃO PARA A COMUNIDADE ECLESIAL",MARCOS ANTONIO ALENCAR DUARTE,2014-04-08,01,110,Padre Vaz,Mestrado,https://sucupira.capes.gov.br/sucupira/public/consultas/coleta/trabalhoConclusao/viewTrabalhoConclusao.jsf?popup=true&id_trabalho=1378526
134,20043222001018033P8,UNIVERSIDADE FEDERAL DO CEARÁ,HISTÓRIA,FORTALEZA,"Círculos operários no Ceará: ""Instruindo, educando, orientando, moralizando"". (1915-1963)",Jovelina Silva Santos,2004-11-01,1,267,Biblioteca do NUDOC,Mestrado,
135,20102424001015051P1,UNIVERSIDADE FEDERAL DA PARAÍBA/JOÃO PESSOA,LETRAS,JOÃO PESSOA,"Dramaturgia e matrimônio no Brasil oitocentista: uma leitura de O que é o casamento, de José de Alencar",LUCIANA DE SANTANA FERNANDES,2010-03-01,1,99,Biblioteca Central da UFPB,Mestrado,
136,7654696,PONTIFÍCIA UNIVERSIDADE CATÓLICA DE GOIÁS,CIÊNCIAS DA RELIGIÃO,Goiânia,ENSINO RELIGIOSO NO AMAPÁ: ESTUDO COMPARATIVO ENTRE O CONFESSIONAL E O FENOMENOLÓGICO,SEBASTIANA SOUSA DIAS,2019-03-21,1,100,PUC Goiás,Mestrado,https://sucupira.capes.gov.br/sucupira/public/consultas/coleta/trabalhoConclusao/viewTrabalhoConclusao.jsf?popup=true&id_trabalho=7654696
137,2007242005019030P0,PONTIFÍCIA UNIVERSIDADE CATÓLICA DO RIO GRANDE DO SUL,CIÊNCIAS SOCIAIS,Porto Alegre,A implantação do novo modelo de ensino religioso nas escolas públicas do Estado do Rio Grande do Sul: laicidade e pluralismo religioso.,CÉSAR ALBERTO RANQUETAT JUNIOR,2007-03-01,1,153,Irmão José Otão,Mestrado,
138,2409082,UNIVERSIDADE FEDERAL DO ESTADO DO RIO DE JANEIRO,HISTORIA,Rio de Janeiro,AS MULHERES DE CHURCHILL:  ANÁLISE DA PARTICIPAÇÃO FEMININA NA MARINHA E   AERONÁUTICA BRITÂNICAS DURANTE A SEGUNDA GUERRA MUNDIAL,ANA CLAUDIA DE REZENDE COSTA DUTRA E MELLO,2015-06-18,1,186,Biblioteca Central da UNIRIO,Mestrado,https://sucupira.capes.gov.br/sucupira/public/consultas/coleta/trabalhoConclusao/viewTrabalhoConclusao.jsf?popup=true&id_trabalho=2409082
139,2012142005019030P0,PONTIFÍCIA UNIVERSIDADE CATÓLICA DO RIO GRANDE DO SUL,CIÊNCIAS SOCIAIS,Porto Alegre,"Progressistas, mas conservadores: a ideologia do Partido Progressista (PP) no Rio Grande do Sul",MARCOS PAULO DOS REIS QUADROS,2012-01-01,1,118,Iirmão José Otão,Mestrado,
140,8249720,UNIVERSIDADE FEDERAL DO RIO DE JANEIRO,FILOSOFIA,Rio de Janeiro,A Violência em Hannah Arendt,RAQUEL DE MELO BRAGA,2019-05-28,1,83,IFCS / UFRJ,Mestrado,https://sucupira.capes.gov.br/sucupira/public/consultas/coleta/trabalhoConclusao/viewTrabalhoConclusao.jsf?popup=true&id_trabalho=8249720
141,5432703,UNIVERSIDADE FEDERAL DA PARAÍBA ( JOÃO PESSOA ),HISTÓRIA,João Pessoa,"AUTORITARISMO, REPRESSÃO E PROPAGANDA: a Paraíba no governo Argemiro de Figueiredo (1937-1940)",WANIERY LOYVIA DE ALMEIDA SILVA,2017-08-28,1,162,Biblioteca Central da UFPB,Mestrado,https://sucupira.capes.gov.br/sucupira/public/consultas/coleta/trabalhoConclusao/viewTrabalhoConclusao.jsf?popup=true&id_trabalho=5432703
142,20061442024013002P4,UNIV. REGIONAL DO NOROESTE DO ESTADO DO RIO GRANDE DO SUL,EDUCAÇÃO NAS CIÊNCIAS,IJUÍ,"""O que a escola começa, o exército continua"": a campanha de nacionalização durante o estado novo nos núcleos coloniais teuto-brasileiros do Rio Grande do Sul",José Fabiano de Paula,2006-06-01,2,220,Biblioteca Mario Osorio Marques,Mestrado,
143,8774966,UNIVERSIDADE DE SANTA CRUZ DO SUL,EDUCAÇÃO,Santa Cruz do Sul,REPRESENTAÇÕES DA EDUCAÇÃO NA CULTURA POLÍTICA COMUNISTA NO BRASIL DA GUERRA FRIA,AMANDA ASSIS DE OLIVEIRA,2020-02-27,1,86,https://repositorio.unisc.br/jspui/handle/11624/2756,Mestrado,https://sucupira.capes.gov.br/sucupira/public/consultas/coleta/trabalhoConclusao/viewTrabalhoConclusao.jsf?popup=true&id_trabalho=8774966
144,96225,FUNDAÇÃO UNIVERSIDADE FEDERAL DE MATO GROSSO DO SUL,ADMINISTRAÇÃO,Campo Grande,A INFLUÊNCIA INTERGERACIONAL NA ESCOLHA DE ALIMENTOS POR JOVENS ADULTOS,SAMARA GOMES COELHO EWERLING,2013-03-28,1,96,UFMS,Mestrado,https://sucupira.capes.gov.br/sucupira/public/consultas/coleta/trabalhoConclusao/viewTrabalhoConclusao.jsf?popup=true&id_trabalho=96225
145,6373125,PONTIFÍCIA UNIVERSIDADE CATÓLICA DE SÃO PAULO,LÍNGUA PORTUGUESA,São Paulo,A educação jesuítica nas cartas de Anchieta – ensino da leitura e da escrita no Brasil do século XVI,ALMIR GRIGORIO DOS SANTOS,2018-09-05,1,295,PUC/SP MONTE ALEGRE,Doutorado,https://sucupira.capes.gov.br/sucupira/public/consultas/coleta/trabalhoConclusao/viewTrabalhoConclusao.jsf?popup=true&id_trabalho=6373125
146,1204057,UNIVERSIDADE METODISTA DE SÃO PAULO,EDUCAÇÃO,São Bernardo do Campo,SAÚDE E ESCOLA: UM ESTUDO DO COTIDIANO,RAFAEL DE SOUZA OLIVEIRA,2013-09-19,undefined,117,SISTEMA DE BIBLIOTECAS JALMAR BOWDEN,Mestrado,https://sucupira.capes.gov.br/sucupira/public/consultas/coleta/trabalhoConclusao/viewTrabalhoConclusao.jsf?popup=true&id_trabalho=1204057
147,20111040004015004P8,UNIVERSIDADE ESTADUAL DE MARINGÁ,EDUCAÇÃO,MARINGÁ,EDUCAÇÃO E RELIGIÃO EM PORTUGAL NO SÉCULO XVI: O CATECISMO ROMANO E O RATIO STUDIORUM,FLAT JAMES DE SOUZA MARTINS,2011-03-01,1,118,BCE - Biblioteca Central da UEM,Mestrado,
148,200433728001010017P2,UNIVERSIDADE FEDERAL DA BAHIA,LETRAS E LINGÜÍSTICA,SALVADOR,"Um Flos Sanctorum do século XIV - Edições, glossário e estudo linguístico.",Américo Venâncio Lopes Machado Filho,2004-02-01,4,1109,Biblioteca Central da UFBA,Doutorado,
149,20121332008015007P0,PONTIFÍCIA UNIVERSIDADE CATÓLICA DE MINAS GERAIS,CIÊNCIAS SOCIAIS,Belo Horizonte,A VIDA CASTRENSE: As relações sociais reguladas na caserna.,Márcio Galvão,2012-07-01,1,1,PUC Minas,Mestrado,
150,3797706,UNIVERSIDADE FEDERAL DO RIO DE JANEIRO,HISTÓRIA COMPARADA,Rio de Janeiro,O sexo como discurso legitimador - O Livro de Etiqueta do Casamento de Al-Ġazālī (séc. XI) e O Jardim Perfumado do xeique Al-Nafzāwī (séc. XV) em perspectiva comparada,CELIA DANIELE MOREIRA DE SOUZA,2016-03-23,1,149,undefined,Mestrado,https://sucupira.capes.gov.br/sucupira/public/consultas/coleta/trabalhoConclusao/viewTrabalhoConclusao.jsf?popup=true&id_trabalho=3797706
151,2009631007015009P3,INSTITUTO MILITAR DE ENGENHARIA,SISTEMAS E COMPUTAÇÃO,Rio de Janeiro,Uma Arquitetura Modular para Sistemas de Treinamento Militar em Operações Táticas,Robertson Schitcoski,2009-01-01,1,105,Instituto Militar de Engenharia,Mestrado,
152,20102940004015004P8,UNIVERSIDADE ESTADUAL DE MARINGÁ,EDUCAÇÃO,MARINGÁ,EVANGELIZAÇÃO E EDUCAÇÃO DOS ÍNDIOS NO BRASIL COLONIAL: AS CONCEPÇÕES DE MANOEL DA NÓBREGA E JOSÉ DE ANCHIETA,Mariza Domingos da Costa,2010-03-01,1,101,BCE,Mestrado,
153,2009628002016009P2,UNIVERSIDADE ESTADUAL DE FEIRA DE SANTANA,HISTÓRIA,Feira de Santana,OS NEOPENTECOSTAIS EM FEIRA DE SANTANA: Da Visão Celular no Modelo dos 12 ao Mover Celular do Fruto Fiel.,Caroline Luz e Silva Dias,2009-06-01,1,191,Biblioteca Central Julieta Carteado,Mestrado,
154,6243476,UNIVERSIDADE FEDERAL DE SÃO CARLOS,ANTROPOLOGIA SOCIAL,São Carlos,Entre a lousa e o altar: a inserção da Magia Divina de Rubens Saraceni nos terreiros de umbanda no estado de São Paulo,CAROLINA CAPELLI,2017-02-14,1,147,Biblioteca Comunitária da UFSCar,Mestrado,https://sucupira.capes.gov.br/sucupira/public/consultas/coleta/trabalhoConclusao/viewTrabalhoConclusao.jsf?popup=true&id_trabalho=6243476
155,5023885,UNIVERSIDADE FEDERAL DO ESPÍRITO SANTO,ENSINO NA EDUCAÇÃO BÁSICA,São Mateus,Música nas séries iniciais: um estudo de caso em uma escola de Vila Velha,JAYZA MONTEIRO ALMEIDA,2017-06-26,undefined,undefined,undefined,Mestrado,https://sucupira.capes.gov.br/sucupira/public/consultas/coleta/trabalhoConclusao/viewTrabalhoConclusao.jsf?popup=true&id_trabalho=5023885
156,20063025001019001P7,UNIVERSIDADE FEDERAL DE PERNAMBUCO,EDUCAÇÃO,RECIFE,O CENTRO EDUCATIVO OPERÁRIO EM RECIFE DURANTE O ESTADO NOVO (1937/1945): educação e religião no controle dos trabalhadores,LÍLIAN RENATA DE MÉLO FILHO,2006-07-01,1,123,Biblioteca Central da UFPE,Mestrado,
157,4834313,UNIVERSIDADE METODISTA DE PIRACICABA,EDUCAÇÃO,Piracicaba,A ROTAÇÃO E A TRANSLAÇÃO DA TERRA: UM ESTUDO SOBRE O QUE SE ENSINA E O QUE SE VÊ,MICHEL PASCHINI NETO,2016-08-19,1,276,Biblioteca Campus Taquaral,Doutorado,https://sucupira.capes.gov.br/sucupira/public/consultas/coleta/trabalhoConclusao/viewTrabalhoConclusao.jsf?popup=true&id_trabalho=4834313
158,7554982,UNIVERSIDADE FEDERAL DE GOIÁS,MÚSICA,Goiânia,"O HINÁRIO NOVO CÂNTICO EM DUAS IGREJAS PRESBITERIANAS EM GOIÂNIA – GO: uso litúrgico, permanências e renovações. ",TIRZA SODRE ALMEIDA LIMA,2018-08-24,1,160,Biblioteca Central da UFG,Mestrado,https://sucupira.capes.gov.br/sucupira/public/consultas/coleta/trabalhoConclusao/viewTrabalhoConclusao.jsf?popup=true&id_trabalho=7554982
159,200553033007012001P8,UNIVERSIDADE METODISTA DE PIRACICABA,EDUCAÇÃO,Piracicaba,A instrução religiosa nos pareceres de Rui Barbosa (1882-83) e seus desdobramentos na laicização educacional pública nas reformas da 1ª república,José Donizeti de Souza,2005-10-01,1,205,Taquaral/UNIMEP; INEP,Mestrado,
160,6873480,CENTRO FEDERAL DE EDUCAÇÃO TECN. DE MINAS GERAIS,ESTUDOS DE LINGUAGENS,Belo Horizonte,@PONTIFEX: UMA ANÁLISE DISCURSIVA DO PAPA FRANCISCO NO TWITTER,FLAVIA CRISTINA PINTO DE CARVALHO,2018-04-20,1,121,CEFET-MG CAMPUS I,Mestrado,https://sucupira.capes.gov.br/sucupira/public/consultas/coleta/trabalhoConclusao/viewTrabalhoConclusao.jsf?popup=true&id_trabalho=6873480
161,6655624,UNIVERSIDADE DE SÃO PAULO,HISTÓRIA SOCIAL,São Paulo,Os escribas e a cultura mnemônica: status e intermediação de práticas culturais no reino médio egípcio,ERIKA RODRIGUES DE MAYNART RAMOS,2018-04-27,undefined,undefined,undefined,Mestrado,https://sucupira.capes.gov.br/sucupira/public/consultas/coleta/trabalhoConclusao/viewTrabalhoConclusao.jsf?popup=true&id_trabalho=6655624
162,88601,PONTIFÍCIA UNIVERSIDADE CATÓLICA DE SÃO PAULO,COMUNICAÇÃO E SEMIÓTICA,São Paulo,Metáforas políticas no gênero Tokusatsu: a metamorfose dos signos na mídia japonesa,NORDAN MANZ,2013-10-21,1,115,PUC/SP,Mestrado,https://sucupira.capes.gov.br/sucupira/public/consultas/coleta/trabalhoConclusao/viewTrabalhoConclusao.jsf?popup=true&id_trabalho=88601
163,3836035,FUNDAÇÃO UNIVERSIDADE FEDERAL DE MATO GROSSO DO SUL,ESTUDOS DE LINGUAGENS,Campo Grande,EDUCAÇÃO E FORMAÇÃO DE PROFESSORES INDÍGENAS: AINDA UM DISCURSO CATEQUIZADOR,EVANIR GOMES DOS SANTOS,2016-10-20,01,7,UFMS,Mestrado,https://sucupira.capes.gov.br/sucupira/public/consultas/coleta/trabalhoConclusao/viewTrabalhoConclusao.jsf?popup=true&id_trabalho=3836035
164,9783094,UNIVERSIDADE FEDERAL DO PARANÁ,Comunicação,Curitiba,"""NÃO É PARA PEGAR PROFESSORES. É PARA PEGAR EXCESSOS"": UMA ANÁLISE DO ENQUADRAMENTO DA COBERTURA DA TRAMITAÇÃO DO PL ESCOLA SEM PARTIDO",ALINE APARECIDA D AVILA DE LIMA,2020-08-12,1,178,Biblioteca Central da UFPR,Mestrado,https://sucupira.capes.gov.br/sucupira/public/consultas/coleta/trabalhoConclusao/viewTrabalhoConclusao.jsf?popup=true&id_trabalho=9783094
165,2360173,UNIVERSIDADE FEDERAL DE SANTA MARIA,EDUCAÇÂO FISICA,Santa Maria,O SER PROFESSOR: AS CRENÇAS E DESCOBERTAS  DO SER PROFESSOR NO ESTÁGIO PEDAGÓGICO,CASSIANO TELLES,2015-02-27,undefined,undefined,undefined,Mestrado,https://sucupira.capes.gov.br/sucupira/public/consultas/coleta/trabalhoConclusao/viewTrabalhoConclusao.jsf?popup=true&id_trabalho=2360173
166,5765520,CENTRO UNIVERSITÁRIO SALESIANO DE SÃO PAULO,EDUCAÇÃO,São Paulo, A EDUCAÇÃO NA GUARDA MIRIM DE SANTA BARBARÁ D’ OESTE (1971–1998): uma aproximação com a Opera Nazionale Balila.,LUCAS HENRIQUE SALVETI,2017-03-24,1,173,UNISAL - CENTRO UNIVERSITÁRIO SALESIANO DE SÃO PAULO - AMERICANA,Mestrado,https://sucupira.capes.gov.br/sucupira/public/consultas/coleta/trabalhoConclusao/viewTrabalhoConclusao.jsf?popup=true&id_trabalho=5765520
167,8164559,UNIVERSIDADE FEDERAL DO RIO GRANDE,EDUCAÇÃO EM CIÊNCIAS QUÌMICA DA VIDA E SAÚDE ( UFSM - FURG),Porto Alegre,Heterotopias e resistências na formação em educação para a sexualidade,CRISTINA MONTEGGIA VARELA,2019-08-22,undefined,145,Banco Digital de Teses e Dissertações da Universidade Federal do Rio Grande  - FURG,Doutorado,https://sucupira.capes.gov.br/sucupira/public/consultas/coleta/trabalhoConclusao/viewTrabalhoConclusao.jsf?popup=true&id_trabalho=8164559
168,9331729,UNIVERSIDADE DO VALE DO RIO DOS SINOS,CIÊNCIAS DA COMUNICAÇÃO,São Leopoldo,DOUTRINAÇÃO versus LIBERDADE DE CÁTEDRA: Midiatização e disputas de sentidos em torno do Escola sem Partido.,VIVIAN RODRIGUES JORGE,2020-03-23,1,178,BIBLIOTECA DA UNIVERSIDADE DO VALE DO RIO DOS SINOS - UNISINOS,Mestrado,https://sucupira.capes.gov.br/sucupira/public/consultas/coleta/trabalhoConclusao/viewTrabalhoConclusao.jsf?popup=true&id_trabalho=9331729
169,2012933002010105P6,UNIVERSIDADE DE SÃO PAULO,LETRAS (LÍNGUA E LITERATURA ALEMÃ),São Paulo,As relações entre uma modalidade do gênero humorístico e a história política na Alemanha dos anos 30,Monica Fontoura da Silva,2012-03-01,1,169,Florestan Fernandes,Mestrado,
170,20081233017018008P4,UNIVERSIDADE METODISTA DE SÃO PAULO,ADMINISTRAÇÃO,São Bernardo do Camp,"Parâmetros Organizacionais de Mintzberg: Análise da Estrutura Organizacional de um Programa Interinstitucional de Pré-incubação de Empresas no Município de Itajubá, MG. 2008. 138 f.",Vladas Urbanavicius Junior,2008-08-01,1,138,Umesp,Mestrado,
171,2008842016010001P9,ESCOLA SUPERIOR DE TEOLOGIA,TEOLOGIA,São Leopoldo,"Oralidade e Escrita na Teologia Pentecostal: acertos, riscos e possibilidades",Claiton Ivan Pommering,2008-07-01,1,170,EST,Mestrado,
172,5003456,UNIVERSIDADE FEDERAL DA PARAÍBA ( JOÃO PESSOA ),LINGÜÍSTICA,João Pessoa,AUTORIA EM SERMÕES RELIGIOSOS À LUZ DA PERSPECTIVA DIALÓGICA DA LINGUAGEM,MICHEL PRATINI BERNARDO DA SILVA,2017-04-19,1,126,BC - UFPB,Mestrado,https://sucupira.capes.gov.br/sucupira/public/consultas/coleta/trabalhoConclusao/viewTrabalhoConclusao.jsf?popup=true&id_trabalho=5003456
173,2008924001015045P1,UNIVERSIDADE FEDERAL DA PARAÍBA/JOÃO PESSOA,HISTÓRIA,JOÃO PESSOA,Propaganda Política e Censura no Estado Novo em Pernambuco (1937-1945),Rafael Pires Rocha,2008-08-01,1,118,Biblioteca Central UFPB/Biblioteca NDIHR/UFPB,Mestrado,
174,7967985,UNIVERSIDADE DE SÃO PAULO,HISTÓRIA SOCIAL,São Paulo,MESQUITAS PACÍFICAS E ECOS JIHADISTAS NO BRASIL: REALIDADES E POSSIBILIDADES,VICTOR BEGERES BISNETO,2019-11-01,undefined,undefined,undefined,Doutorado,https://sucupira.capes.gov.br/sucupira/public/consultas/coleta/trabalhoConclusao/viewTrabalhoConclusao.jsf?popup=true&id_trabalho=7967985
175,20061732005016004P1,UNIVERSIDADE FEDERAL DE JUIZ DE FORA,CIÊNCIA DA RELIGIÃO,JUIZ DE FORA,"Das terras baixas da Holanda às montanhas de Minas: Uma contribuição à história das missões redentoristas, durante os primeiros trinta anos de trabalho em Minas Gerais",Luciano Dutra Neto,2006-09-01,1,315,Programa de Pós-graduação em Ciência da Religião - UFJF,Doutorado,
176,10281595,UNIVERSIDADE DE SOROCABA,EDUCAÇÃO,Sorocaba,"ESCOLA SEM PARTIDO: POLÍTICAS DE EDUCAÇÃO, REGULAÇÃO SOCIAL E FORMAS DE CONSENSO",ANDERSON SANTOS,2020-03-19,01,269,Biblioteca Aluísio de Almeida,Doutorado,https://sucupira.capes.gov.br/sucupira/public/consultas/coleta/trabalhoConclusao/viewTrabalhoConclusao.jsf?popup=true&id_trabalho=10281595
177,9514754,UNIVERSIDADE DO ESTADO DO RIO GRANDE DO NORTE,CIÊNCIAS DA LINGUAGEM,Mossoró,POSTAGENS DO INSTAGRAM DO MOVIMENTO ESCOLA SEM PARTIDO: UMA ANÁLISE DE DISCURSO CRÍTICA MULTIMODAL,JANEIDE FERREIRA DANTAS,2020-06-25,Único,78,Biblioteca Central da Universidade do Estado do Rio Grande do Norte,Mestrado,https://sucupira.capes.gov.br/sucupira/public/consultas/coleta/trabalhoConclusao/viewTrabalhoConclusao.jsf?popup=true&id_trabalho=9514754
178,200411640005011005P0,UNIVERSIDADE ESTADUAL DE PONTA GROSSA,EDUCAÇÃO,Ponta Grossa,A possibilidade da reflexão ética na educação: construindo um projeto alternativo de sociedade.,Lorena Ferreira Portes,2004-03-01,1,168,Biblioteca do Bloco M,Mestrado,
179,93137,PONTIFÍCIA UNIVERSIDADE CATÓLICA DE SÃO PAULO,LINGÜÍSTICA APLICADA E ESTUDOS DA LINGUAGEM,São Paulo,A persuasão no gênero pregação sob o enfoque da gramática sistêmico-funcional,RAFAEL HENRIQUE DE LIMA,2013-07-01,1,76,PUC/SP,Mestrado,https://sucupira.capes.gov.br/sucupira/public/consultas/coleta/trabalhoConclusao/viewTrabalhoConclusao.jsf?popup=true&id_trabalho=93137
180,20122533005010009P0,PONTIFÍCIA UNIVERSIDADE CATÓLICA DE SÃO PAULO,CIÊNCIAS DA RELIGIÃO,SÃO PAULO,O ensino religioso no ensino superior da educação adventista: presença e impasses,Francisco Luiz Gomes de Carvalho,2012-10-01,1,247,PUC/SP,Mestrado,
181,4900808,FUNDAÇÃO UNIVERSIDADE DE PASSO FUNDO,EDUCAÇÃO,Passo Fundo,A filosofia no ensino médio nos documentos pós LDB 9.394/96 : avanços e desafios na organização curricular,ANA LUCIA KAPCZYNSKI,2016-09-05,01,136,upf,Mestrado,https://sucupira.capes.gov.br/sucupira/public/consultas/coleta/trabalhoConclusao/viewTrabalhoConclusao.jsf?popup=true&id_trabalho=4900808
182,20113727001016003P5,FUNDAÇÃO UNIVERSIDADE FEDERAL DE SERGIPE,EDUCAÇÃO,São Cristóvão,"A MULHER DE POSSES E A INSTRUÇÃO ELEMENTAR NA
CAPITANIA DE SERGIPE DEL REY NOS ANOS SETECENTOS",Vera Maria dos Santos,2011-10-01,1,270,BICEN,Doutorado,
183,3845426,UNIVERSIDADE PAULISTA,COMUNICAÇÃO,São Paulo,Ambiências nazistas ressignificadas: a obra ‘Jogos Vorazes’ pela intermidialidade,JERONIMO TEIXEIRA STREHL,2016-06-27,1,261,UNIP - Universidade Paulista,Mestrado,https://sucupira.capes.gov.br/sucupira/public/consultas/coleta/trabalhoConclusao/viewTrabalhoConclusao.jsf?popup=true&id_trabalho=3845426
184,5855746,FACULDADE UNIDA DE VITÓRIA,Ciências das Religiões,Vitória,A (IN) TOLERÂNCIA RELIGIOSA: UMA REFLEXÃO SOBRE SÍMBOLOS RELIGIOSOS NO CONTEXTO DA ESCOLA PÚBLICA,SANDRA RIBEIRO DA SILVA AMBROSIM,2017-12-08,1,79,Biblioteca Central Faculdade Unida de Vitória,Mestrado Profissional,https://sucupira.capes.gov.br/sucupira/public/consultas/coleta/trabalhoConclusao/viewTrabalhoConclusao.jsf?popup=true&id_trabalho=5855746
185,3656449,UNIVERSIDADE FEDERAL DE SANTA MARIA,ECONOMIA E DESENVOLVIMENTO,Santa Maria,A EDUCAÇÃO NA ABORDAGEM DAS CAPACITAÇÕES,GESSICA MATHIAS DINIZ,2016-01-18,1,74,Biblioteca Central,Mestrado,https://sucupira.capes.gov.br/sucupira/public/consultas/coleta/trabalhoConclusao/viewTrabalhoConclusao.jsf?popup=true&id_trabalho=3656449
186,20075033002010035P8,UNIVERSIDADE DE SÃO PAULO,GEOGRAFIA (GEOGRAFIA HUMANA),São Paulo,Geografia e Ensino no brasil e em Cuba: um estudo histórico-geográfico comparado,Cesar Alvarez Campos de Oliveira,2007-10-01,1,266,CAPH-FFLCH-USP,Doutorado,
187,2007832008015006P3,PONTIFÍCIA UNIVERSIDADE CATÓLICA DE MINAS GERAIS,EDUCAÇÃO,Belo Horizonte,O ENSINO RELIGIOSO E A FORMAÇÃO DE SEUS PROFESSORES: dificuldades e perspectivas.,Maria Cristina Caetano,2007-09-01,1,388,PUC Minas,Mestrado,
188,200424631001017070P6,UNIVERSIDADE FEDERAL DO RIO DE JANEIRO,LETRAS (LETRAS VERNÁCULAS),RIO DE JANEIRO,Eça de Queirós e as hagiografias: Lendas de Santos,CLAUDIA VALERIA DE OLIVEIRA PINTO,2004-07-01,1,143,xxx,Mestrado,
189,200446833007012001P8,UNIVERSIDADE METODISTA DE PIRACICABA,EDUCAÇÃO,Piracicaba,O Ciberespaço e as manifestações da razão instrumental na idade mídia,Alain Melendez,2004-04-01,1,95,Taquaral/UNIMEP; INEP,Mestrado,
190,1356601,PONTIFÍCIA UNIVERSIDADE CATÓLICA DE SÃO PAULO,CIÊNCIA DA RELIGIÃO,São Paulo,O ateísmo de Richard Dawkins nas fronteiras da ciência evolucionista e do senso comum,CLARISSA DE FRANCO,2014-06-09,1,233,undefined,Doutorado,https://sucupira.capes.gov.br/sucupira/public/consultas/coleta/trabalhoConclusao/viewTrabalhoConclusao.jsf?popup=true&id_trabalho=1356601
191,1576953,UNIVERSIDADE MUNICIPAL DE SÃO CAETANO DO SUL,ADMINISTRAÇÃO,São Caetano do Sul,MUDANÇA NA ESTRUTURA ORGANIZACIONAL DE EMPRESAS QUE ALTERARAM SIGNIFICATIVAMENTE SEUS MODELOS DE NEGÓCIOS,JOSE TURIBIO DE OLIVEIRA,2014-11-26,1,338,USCS Repositório digital,Doutorado,https://sucupira.capes.gov.br/sucupira/public/consultas/coleta/trabalhoConclusao/viewTrabalhoConclusao.jsf?popup=true&id_trabalho=1576953
192,2008233121010001P4,CENTRO UNIVERSITÁRIO ASSUNCÃO,TEOLOGIA,SÃO PAULO,A relação Liturgia e Catequese a partir do Ritual da Iniciação cristã de Adultos,Sérgio Augusto Rodrigues,2008-03-01,1,199,Biblioteca Teológica Dom José Gaspar,Mestrado,
193,6102200,UNIVERSIDADE DE BRASÍLIA,EDUCAÇÃO,Brasília,A crise da educação contemporânea e a escola : o que paira sobre o chão que pisamos?,JANINE DE FATIMA MUNDIM NETO,2017-06-22,1,212,BCE UnB,Doutorado,https://sucupira.capes.gov.br/sucupira/public/consultas/coleta/trabalhoConclusao/viewTrabalhoConclusao.jsf?popup=true&id_trabalho=6102200
194,2012231004016024P3,UNIVERSIDADE DO ESTADO DO RIO DE JANEIRO,HISTÓRIA,RIO DE JANEIRO,"""A Colaboração lhe Bate à Porta..."": visitadores sociais e a política de normalização de corpos e mentes de operários e operárias, de uma indústria têxtil no Rio de Janeiro (1944-1953)",Ana Lúcia  Vieira,2012-03-01,1,248,CCS/A,Doutorado,
195,7832456,FUNDAÇÃO GETÚLIO VARGAS ( RJ ),"HISTÓRIA, POLÍTICA E BENS CULTURAIS",Rio de Janeiro,"O Partido do Empresariado: O Instituto de Pesquisa e Estudos Sociais de São Paulo, a construção de consenso e o anticomunismo (1961-1964)",FERNANDA TEIXEIRA MOREIRA,2019-10-23,1,375,Biblioteca Mario Henrique Simonsen/FGV,Doutorado,https://sucupira.capes.gov.br/sucupira/public/consultas/coleta/trabalhoConclusao/viewTrabalhoConclusao.jsf?popup=true&id_trabalho=7832456
196,7775478,UNIVERSIDADE ESTADUAL DO CENTRO-OESTE,Letras,Guarapuava,O TEATRO DE XOSÉ LOIS GARCÍA E A TRADIÇÃO LITERÁRIA GALEGA: IDENTIDADE E COMPROMISSO POLÍTICO-SOCIAL,ELZA HAURESKO,2019-04-04,undefined,148,Biblioteca Central da Unicentro,Mestrado,https://sucupira.capes.gov.br/sucupira/public/consultas/coleta/trabalhoConclusao/viewTrabalhoConclusao.jsf?popup=true&id_trabalho=7775478
197,7641563,UNIVERSIDADE DO ESTADO DO PARÁ,EDUCAÇÃO,Belém, Infância e práticas educativas na Amazônia seiscentista,JANE ELISA OTOMAR BUECKE,2019-03-29,01,118,BIBLIOTECA PAULO FREIRE DO CCSE/UEPA,Mestrado,https://sucupira.capes.gov.br/sucupira/public/consultas/coleta/trabalhoConclusao/viewTrabalhoConclusao.jsf?popup=true&id_trabalho=7641563
198,5973464,PONTIFÍCIA UNIVERSIDADE CATÓLICA DO RIO GRANDE DO SUL,CIÊNCIAS SOCIAIS,Porto Alegre,"ESTADO LAICO, RELIGIÃO E EDUCAÇÃO:  ANÁLISE DA CONTROVERSA PRESENÇA DO ENSINO RELIGIOSO EM ESCOLAS PÚBLICAS NO BRASIL  ",MARCIO HOFF,2017-08-18,1,182,undefined,Doutorado,https://sucupira.capes.gov.br/sucupira/public/consultas/coleta/trabalhoConclusao/viewTrabalhoConclusao.jsf?popup=true&id_trabalho=5973464
199,377500,UNIVERSIDADE FEDERAL DE UBERLÂNDIA,EDUCAÇÃO,Uberlândia,A disciplina história da educação na formação de normalistas do Colégio Nossa Senhora do Patrocínio em Minas Gerais (1947-1971),GERALDO GONCALVES DE LIMA,2013-03-14,1,252,UFU - UNIVERSIDADE FEDERAL DE UBERLÂNDIA,Doutorado,https://sucupira.capes.gov.br/sucupira/public/consultas/coleta/trabalhoConclusao/viewTrabalhoConclusao.jsf?popup=true&id_trabalho=377500
200,2629421,UNIVERSIDADE FEDERAL DO CEARÁ,LETRAS,Fortaleza,"Sertão de Pedra e Argila: Tradição, Ruptura e Modernidade no Romance Galileia, de Ronaldo Correia de Brito",CARLOS ROBERTO NOGUEIRA DE VASCONCELOS,2013-08-29,01,89,Biblioteca de Ciências Humanas ,Mestrado,https://sucupira.capes.gov.br/sucupira/public/consultas/coleta/trabalhoConclusao/viewTrabalhoConclusao.jsf?popup=true&id_trabalho=2629421
201,9743420,UNIVERSIDADE COMUNITÁRIA DA REGIÃO DE CHAPECÓ,EDUCAÇÃO,Chapecó,Programa Escola sem Partido: função social da escola pública e a liberdade acadêmica,RODOLFO FERREIRA PINHEIRO,2020-04-29,1,112,Universidade Comunitária da Região de Chapecó,Mestrado,https://sucupira.capes.gov.br/sucupira/public/consultas/coleta/trabalhoConclusao/viewTrabalhoConclusao.jsf?popup=true&id_trabalho=9743420
202,2146297,UNIVERSIDADE FEDERAL DA BAHIA,ARTES VISUAIS,Salvador,Iconografia Carmelitana: análise dos painéis azulejares da Capela-mor da Ordem Terceira do Carmo de Cachoeira,DARLANE SILVA SENHORINHO,2014-06-11,1,284,https://repositorio.ufba.br/,Mestrado,https://sucupira.capes.gov.br/sucupira/public/consultas/coleta/trabalhoConclusao/viewTrabalhoConclusao.jsf?popup=true&id_trabalho=2146297
203,109629,UNIVERSIDADE CATÓLICA DE PERNAMBUCO,CIÊNCIAS DA LINGUAGEM,Recife,A propaganda publicitária e sua significação no simbólico coletivo: análise discursiva de propagandas publicitárias do governo Dilma,EVILASIO DOS SANTOS SILVA,2013-03-22,1,127,Universidade Católica de Pernambuco,Mestrado,https://sucupira.capes.gov.br/sucupira/public/consultas/coleta/trabalhoConclusao/viewTrabalhoConclusao.jsf?popup=true&id_trabalho=109629
204,7638805,FUNDAÇÃO UNIVERSIDADE DE PASSO FUNDO,HISTÓRIA,Passo Fundo,Contra todos: a crítica positivista ortodoxa à Guerra contra o Paraguai (1889-1930),FABIANO BARCELLOS TEIXEIRA,2018-12-14,1,206,Biblioteca Central da UPF,Doutorado,https://sucupira.capes.gov.br/sucupira/public/consultas/coleta/trabalhoConclusao/viewTrabalhoConclusao.jsf?popup=true&id_trabalho=7638805
205,3995338,UNIVERSIDADE DE SÃO PAULO,Estudos Culturais,São Paulo,Deus ajuda quem cedo madruga? História do valor do trabalho como discurso: uma desconstrução biológica,CARLOS ALBERTO DE CICCO FERREIRA FILHO,2016-07-07,1,88,"Biblioteca da Escola de Artes, Ciências e Humanidades da USP",Mestrado,https://sucupira.capes.gov.br/sucupira/public/consultas/coleta/trabalhoConclusao/viewTrabalhoConclusao.jsf?popup=true&id_trabalho=3995338
206,7742813,FACULDADE UNIDA DE VITÓRIA,Ciências das Religiões,Vitória,O ENSINO RELIGIOSO MINISTRADO NO ENSINO FUNDAMENTAL DAS ESCOLAS MUNICIPAIS DO MUNICÍPIO DE CARIACICA (ES),GILSON MIRANDA FERREIRA,2019-06-17,1,101,Biblioteca Central Faculdade Unida de Vitória,Mestrado Profissional,https://sucupira.capes.gov.br/sucupira/public/consultas/coleta/trabalhoConclusao/viewTrabalhoConclusao.jsf?popup=true&id_trabalho=7742813
207,8203661,UNIVERSIDADE ESTADUAL DE LONDRINA,HISTÓRIA SOCIAL,Londrina,Didática da História e História pública: os usos da ideia de “Nazismo” difundida pelo MBL – Movimento Brasil Livre no Facebook (2017),MATHEUS HENRIQUE MARQUES SUSSAI,2019-04-29,1,192,Universidade Estadual de Londrina,Mestrado,https://sucupira.capes.gov.br/sucupira/public/consultas/coleta/trabalhoConclusao/viewTrabalhoConclusao.jsf?popup=true&id_trabalho=8203661
208,8171262,UNIVERSIDADE ESTADUAL DE LONDRINA,EDUCAÇÃO,Londrina,“ESPÍRITO DO ABISMO”:  NOTAS SOBRE O ENSINO DE FILOSOFIA NO ENSINO MÉDIO ,GENIPO SOARES DE OLIVEIRA NETO,2019-02-28,1,75,BIBLIOTECA UEL ,Mestrado,https://sucupira.capes.gov.br/sucupira/public/consultas/coleta/trabalhoConclusao/viewTrabalhoConclusao.jsf?popup=true&id_trabalho=8171262
209,20112522001018001P9,UNIVERSIDADE FEDERAL DO CEARÁ,EDUCAÇÃO,FORTALEZA,"EDUCAÇÃO E ALIMENTAÇÃO: IDEIAS SOCIAIS, POLÍTICAS E PEDAGÓGICAS NA OBRA DE DANTE COSTA",JORGE WASHINGTON DA SILVA FROTA,2011-12-01,1,113,Biblioteca de Ciências Humanas,Mestrado,
210,20043833121010001P4,CENTRO UNIVERSITÁRIO ASSUNCÃO,TEOLOGIA,SÃO PAULO,"A Dimensão Missionária e a Catequese Renovada na Pastoral Orgânica - Um estudo sobre a aplicação da dimensão missionária na pastoral orgânica, proposta pela pastoral renovada.",Luiz Carlos Zotarelli,2004-06-01,1,143,Biblioteca Teológica Dom José Gaspar,Mestrado,
211,7435838,UNIVERSIDADE ESTADUAL DO SUDOESTE DA BAHIA,MEMÓRIA:LINGUAGEM E SOCIEDADE,Vitória da Conquista,"A arte de evangelizar no teatro anchietano: memória, conversão e doutrina",CAMILA NUNES DUARTE SILVEIRA,2018-02-16,1,189,Biblioteca Professor Antonio de Moura Pereira,Doutorado,https://sucupira.capes.gov.br/sucupira/public/consultas/coleta/trabalhoConclusao/viewTrabalhoConclusao.jsf?popup=true&id_trabalho=7435838
212,20122131018017008P5,UNIVERSIDADE ESTÁCIO DE SÁ,ADMINISTRAÇÃO E DESENVOLVIMENTO EMPRESARIAL,Rio de Janeiro,A relação entre estrutura organizacional e processo de inovação: um estudo de caso no Centro Tecnológico do Exército,Sergio Pires Nogueira,2012-11-01,1,157,Biblioteca Setorial Centro I - Pres. Vargas,Profissionalizante,
213,3617790,PONTIFÍCIA UNIVERSIDADE CATÓLICA DO RIO DE JANEIRO,ADMINISTRAÇÃO DE EMPRESAS,Rio de Janeiro,Suporte Organizacional Percebido na Marinha do Brasil: Em busca do Fogo Sagrado,SERGIO CARLOS DE SOUSA PEREIRA,2016-04-14,1,176,CCS,Doutorado,https://sucupira.capes.gov.br/sucupira/public/consultas/coleta/trabalhoConclusao/viewTrabalhoConclusao.jsf?popup=true&id_trabalho=3617790
214,6629717,UNIVERSIDADE FEDERAL DE MATO GROSSO,EDUCAÇÃO,Rondonópolis,RONDON E A CATEQUESE DOS POVOS INDÍGENAS: UMA ANÁLISE DIALÓGICA DOS ENUNCIADOS DO JORNAL MATO-GROSSENSE A CRUZ (1910-1920),CLOTILDES DE SOUZA FARIAS,2018-07-04,1,203,Biblioteca da Universidade Federal de Mato Grosso,Mestrado,https://sucupira.capes.gov.br/sucupira/public/consultas/coleta/trabalhoConclusao/viewTrabalhoConclusao.jsf?popup=true&id_trabalho=6629717
215,9754749,UNIVERSIDADE FEDERAL DA FRONTEIRA SUL,Estudos Linguísticos,Chapecó,Formações imaginárias sobre sujeito aluno na BNCC (2018) ? Ensino Médio: uma visão utilitarista do ensino,STEPHANE TERRES SANZOVO SCHMITT,2020-10-28,1,85,UFFS,Mestrado,https://sucupira.capes.gov.br/sucupira/public/consultas/coleta/trabalhoConclusao/viewTrabalhoConclusao.jsf?popup=true&id_trabalho=9754749
216,20081315006018001P0,UNIVERSIDADE DO ESTADO DO PARÁ,EDUCAÇÃO,Belém,A EDUCAÇÃO NO COTIDIANO DO TERREIRO: SABERES E PRÁTICAS CULTURAIS DO TAMBOR DE MINA NA AMAZÔNIA.,JOÃO COLARES DA MOTA NETO,2008-09-01,1,193,PAULO FREIRE,Mestrado,
217,7983239,UNIVERSIDADE FEDERAL DE SANTA CATARINA,JORNALISMO,Florianópolis,A posição editorial dos principais jornais brasileiros a parir da proposta política do movimento Escola sem pardido,ALEXANDRO KICHILESKI,2019-12-17,undefined,undefined,undefined,Mestrado,https://sucupira.capes.gov.br/sucupira/public/consultas/coleta/trabalhoConclusao/viewTrabalhoConclusao.jsf?popup=true&id_trabalho=7983239
218,20055551001012011P6,FUNDAÇÃO UNIVERSIDADE FEDERAL DE MATO GROSSO DO SUL,LETRAS,CAMPO GRANDE,Práticas discursivas na igreja Assembléia de Deus: modelo lingüístico e estruturação discursiva.,IRMA LINO DE ASSIS OLIVEIRA,2005-02-01,1,96,Dom Aquino Corrêa,Mestrado,
219,2011623001011004P0,UNIVERSIDADE FEDERAL DO RIO GRANDE DO NORTE,CIÊNCIAS SOCIAIS,NATAL,O TRABALHO E O LABIRINTO DO MITO DA RESPONSABILIDADE SOCIAL: A EXPERIÊNCIA DA CIDADANIA EMPRESARIAL DO BANCO DO BRASIL,Júlio Ramon Teles da Ponte,2011-09-01,1,373,BCZM e Setorial do CCHLA (UFRN),Doutorado,
220,3659194,UNIVERSIDADE FEDERAL DE SANTA CATARINA,EDUCAÇÃO CIENTIFICA E TECNOLÓGICA,Florianópolis,REPERCUSSÕES SOCIAIS DECORRENTES DO AVANÇO CIENTÍFICO E TECNOLÓGICO: MANIFESTAÇÕES CURRICULARES RESULTANTES DA INTERVENÇÃO DOCENTE,KATIA REGINA KOERICH FRONZA,2016-03-18,1,455,undefined,Doutorado,https://sucupira.capes.gov.br/sucupira/public/consultas/coleta/trabalhoConclusao/viewTrabalhoConclusao.jsf?popup=true&id_trabalho=3659194
